Hobby,OpenSource,Country,Student,Employment,FormalEducation,UndergradMajor,CompanySize,DevType,YearsCoding,Salary,SalaryType,ConvertedSalary
Yes,Yes,United States,No,Employed full-time,"Master’s degree (MA, MS, M.Eng., MBA, etc.)","Computer science, computer engineering, or software engineering","10,000 or more employees",Back-end developer;Data scientist or machine learning specialist;DevOps specialist;Educator or academic researcher;QA or test developer;System administrator,12-14 years,120000.0,Yearly,120000.0
Yes,Yes,United States,"Yes, full-time",Employed full-time,Some college/university study without earning a degree,"Computer science, computer engineering, or software engineering",20 to 99 employees,Back-end developer;Data scientist or machine learning specialist;Full-stack developer;Game or graphics developer;Student,6-8 years,120000.0,Yearly,120000.0
Yes,No,United States,No,Employed full-time,"Bachelor’s degree (BA, BS, B.Eng., etc.)","A social science (ex. anthropology, psychology, political science)","1,000 to 4,999 employees",Data scientist or machine learning specialist;Database administrator,9-11 years,70000.0,Yearly,70000.0
Yes,Yes,United States,No,Employed full-time,"Bachelor’s degree (BA, BS, B.Eng., etc.)","Information systems, information technology, or system administration",100 to 499 employees,Back-end developer;Data scientist or machine learning specialist,21-23 years,185000.0,Yearly,185000.0
Yes,Yes,United States,No,Employed full-time,"Master’s degree (MA, MS, M.Eng., MBA, etc.)","A social science (ex. anthropology, psychology, political science)",20 to 99 employees,Back-end developer;Data scientist or machine learning specialist;DevOps specialist;Front-end developer;Full-stack developer;System administrator,3-5 years,125000.0,Yearly,125000.0
No,No,United States,No,Employed full-time,"Other doctoral degree (Ph.D, Ed.D., etc.)","A natural science (ex. biology, chemistry, physics)",100 to 499 employees,Data scientist or machine learning specialist,15-17 years,113000.0,Yearly,113000.0
Yes,No,United States,No,Employed full-time,"Bachelor’s degree (BA, BS, B.Eng., etc.)","Computer science, computer engineering, or software engineering",500 to 999 employees,Data scientist or machine learning specialist;Designer;Front-end developer;Full-stack developer,12-14 years,83000.0,Yearly,83000.0
Yes,No,United States,"Yes, full-time",Employed full-time,"Bachelor’s degree (BA, BS, B.Eng., etc.)","Another engineering discipline (ex. civil, electrical, mechanical)","5,000 to 9,999 employees",Data scientist or machine learning specialist;Student,12-14 years,40000.0,,40000.0
Yes,Yes,United States,No,Employed full-time,"Other doctoral degree (Ph.D, Ed.D., etc.)",Mathematics or statistics,20 to 99 employees,Data scientist or machine learning specialist,12-14 years,300000.0,Yearly,300000.0
Yes,Yes,United States,No,Employed full-time,"Bachelor’s degree (BA, BS, B.Eng., etc.)","Information systems, information technology, or system administration","10,000 or more employees",Back-end developer;Data or business analyst;Data scientist or machine learning specialist;Database administrator;DevOps specialist;Full-stack developer;Product manager;QA or test developer,0-2 years,60000.0,,60000.0
Yes,Yes,United States,No,Employed full-time,"Bachelor’s degree (BA, BS, B.Eng., etc.)","Computer science, computer engineering, or software engineering","10,000 or more employees",Back-end developer;Data scientist or machine learning specialist,9-11 years,130000.0,,130000.0
Yes,No,United States,No,Employed full-time,"Bachelor’s degree (BA, BS, B.Eng., etc.)",Mathematics or statistics,20 to 99 employees,Data or business analyst;Data scientist or machine learning specialist,3-5 years,60000.0,Yearly,60000.0
Yes,Yes,United States,No,Employed full-time,"Master’s degree (MA, MS, M.Eng., MBA, etc.)","A humanities discipline (ex. literature, history, philosophy)","1,000 to 4,999 employees",Data or business analyst;Data scientist or machine learning specialist;Designer,9-11 years,120000.0,Yearly,120000.0
Yes,No,United States,No,Employed full-time,"Bachelor’s degree (BA, BS, B.Eng., etc.)","Information systems, information technology, or system administration","10,000 or more employees",Back-end developer;Data scientist or machine learning specialist;Full-stack developer,18-20 years,102000.0,Yearly,102000.0
Yes,No,United States,No,Employed full-time,"Bachelor’s degree (BA, BS, B.Eng., etc.)","A business discipline (ex. accounting, finance, marketing)",100 to 499 employees,Data or business analyst;Data scientist or machine learning specialist,0-2 years,80000.0,Yearly,80000.0
Yes,Yes,United States,No,Employed full-time,"Bachelor’s degree (BA, BS, B.Eng., etc.)",Mathematics or statistics,500 to 999 employees,Back-end developer;Data scientist or machine learning specialist;Engineering manager;Front-end developer;Full-stack developer;System administrator,21-23 years,120000.0,,120000.0
Yes,No,United States,"Yes, full-time",Employed full-time,Some college/university study without earning a degree,"Computer science, computer engineering, or software engineering",100 to 499 employees,Data scientist or machine learning specialist;Embedded applications or devices developer;Student,3-5 years,1000.0,Weekly,50000.0
Yes,Yes,United States,No,Employed full-time,"Master’s degree (MA, MS, M.Eng., MBA, etc.)","Computer science, computer engineering, or software engineering","10,000 or more employees",Back-end developer;Data scientist or machine learning specialist,6-8 years,115000.0,,115000.0
Yes,No,United States,"Yes, part-time",Employed full-time,"Bachelor’s degree (BA, BS, B.Eng., etc.)","A social science (ex. anthropology, psychology, political science)",100 to 499 employees,Data or business analyst;Data scientist or machine learning specialist;Student,0-2 years,65000.0,Yearly,65000.0
Yes,No,United States,No,Employed full-time,"Bachelor’s degree (BA, BS, B.Eng., etc.)",,"10,000 or more employees",Back-end developer;Data scientist or machine learning specialist;Front-end developer;Full-stack developer,9-11 years,75000.0,Yearly,75000.0
Yes,Yes,United States,No,Employed full-time,"Other doctoral degree (Ph.D, Ed.D., etc.)","Computer science, computer engineering, or software engineering","10,000 or more employees",Back-end developer;Data scientist or machine learning specialist;Educator or academic researcher,27-29 years,149000.0,,149000.0
Yes,No,United States,"Yes, full-time",Employed full-time,"Secondary school (e.g. American high school, German Realschule or Gymnasium, etc.)",,"10,000 or more employees",Back-end developer;Data or business analyst;Data scientist or machine learning specialist;Front-end developer;Full-stack developer;Student,0-2 years,100000.0,Yearly,100000.0
Yes,Yes,United States,No,Employed full-time,,,"10,000 or more employees",Data scientist or machine learning specialist,18-20 years,150000.0,,150000.0
Yes,No,United States,No,Employed full-time,"Master’s degree (MA, MS, M.Eng., MBA, etc.)",Mathematics or statistics,10 to 19 employees,Back-end developer;Data scientist or machine learning specialist;Database administrator;System administrator,6-8 years,57000.0,Yearly,57000.0
Yes,Yes,United States,No,Employed full-time,"Master’s degree (MA, MS, M.Eng., MBA, etc.)","Computer science, computer engineering, or software engineering","1,000 to 4,999 employees",Back-end developer;Data scientist or machine learning specialist,24-26 years,150000.0,,150000.0
Yes,Yes,United States,No,Employed full-time,"Other doctoral degree (Ph.D, Ed.D., etc.)","Computer science, computer engineering, or software engineering","1,000 to 4,999 employees",Data scientist or machine learning specialist,15-17 years,135000.0,Yearly,135000.0
Yes,Yes,United States,No,Employed full-time,"Bachelor’s degree (BA, BS, B.Eng., etc.)","Computer science, computer engineering, or software engineering","10,000 or more employees",Data scientist or machine learning specialist;DevOps specialist;Engineering manager;Full-stack developer;QA or test developer;System administrator,18-20 years,115000.0,,115000.0
Yes,Yes,United States,No,Employed full-time,"Other doctoral degree (Ph.D, Ed.D., etc.)","A natural science (ex. biology, chemistry, physics)",500 to 999 employees,Data or business analyst;Data scientist or machine learning specialist,15-17 years,125000.0,,125000.0
Yes,Yes,United States,No,Employed full-time,"Master’s degree (MA, MS, M.Eng., MBA, etc.)","A humanities discipline (ex. literature, history, philosophy)","1,000 to 4,999 employees",Data scientist or machine learning specialist,12-14 years,9800.0,Monthly,117600.0
Yes,Yes,United States,No,Employed full-time,"Master’s degree (MA, MS, M.Eng., MBA, etc.)","Computer science, computer engineering, or software engineering","1,000 to 4,999 employees",Data scientist or machine learning specialist;Full-stack developer,9-11 years,80000.0,Yearly,80000.0
No,No,United States,No,Employed full-time,"Bachelor’s degree (BA, BS, B.Eng., etc.)","Information systems, information technology, or system administration","1,000 to 4,999 employees",Data scientist or machine learning specialist;Database administrator;Front-end developer,6-8 years,92000.0,,92000.0
Yes,No,United States,No,Employed full-time,"Bachelor’s degree (BA, BS, B.Eng., etc.)","Computer science, computer engineering, or software engineering",10 to 19 employees,Data scientist or machine learning specialist;Full-stack developer,3-5 years,75000.0,Yearly,75000.0
Yes,No,United States,No,Employed full-time,"Bachelor’s degree (BA, BS, B.Eng., etc.)","Computer science, computer engineering, or software engineering","10,000 or more employees",Back-end developer;Data or business analyst;Data scientist or machine learning specialist,12-14 years,52000.0,Yearly,52000.0
Yes,Yes,United States,No,Employed full-time,"Master’s degree (MA, MS, M.Eng., MBA, etc.)","Computer science, computer engineering, or software engineering","10,000 or more employees",Data scientist or machine learning specialist;Embedded applications or devices developer,12-14 years,145000.0,,145000.0
Yes,No,United States,"Yes, full-time",Employed full-time,"Master’s degree (MA, MS, M.Eng., MBA, etc.)","A natural science (ex. biology, chemistry, physics)",10 to 19 employees,Back-end developer;Data scientist or machine learning specialist;DevOps specialist;Engineering manager;Full-stack developer,3-5 years,120000.0,Yearly,120000.0
No,No,United States,No,Employed full-time,"Other doctoral degree (Ph.D, Ed.D., etc.)","Another engineering discipline (ex. civil, electrical, mechanical)","10,000 or more employees",Back-end developer;Data scientist or machine learning specialist;Designer,30 or more years,137000.0,Yearly,137000.0
Yes,Yes,United States,No,Employed full-time,"Other doctoral degree (Ph.D, Ed.D., etc.)",Mathematics or statistics,20 to 99 employees,Data scientist or machine learning specialist;Front-end developer,24-26 years,200000.0,Yearly,200000.0
Yes,Yes,United States,No,Employed full-time,"Master’s degree (MA, MS, M.Eng., MBA, etc.)",,"10,000 or more employees",Back-end developer;Data scientist or machine learning specialist;Designer;Desktop or enterprise applications developer;Front-end developer;Full-stack developer,12-14 years,140000.0,,140000.0
Yes,Yes,United States,No,Employed full-time,Some college/university study without earning a degree,"A business discipline (ex. accounting, finance, marketing)",100 to 499 employees,"Back-end developer;C-suite executive (CEO, CTO, etc.);Data or business analyst;Data scientist or machine learning specialist;Database administrator;Designer;Desktop or enterprise applications developer;DevOps specialist;Educator or academic researcher;Embedded applications or devices developer;Engineering manager;Front-end developer;Full-stack developer;Marketing or sales professional;Mobile developer;Product manager;QA or test developer;Student;System administrator",18-20 years,115000.0,Yearly,115000.0
Yes,Yes,United States,No,Employed full-time,"Master’s degree (MA, MS, M.Eng., MBA, etc.)","Computer science, computer engineering, or software engineering","1,000 to 4,999 employees",Data or business analyst;Data scientist or machine learning specialist;Educator or academic researcher;Full-stack developer,24-26 years,105000.0,,105000.0
No,No,United States,No,Employed full-time,"Other doctoral degree (Ph.D, Ed.D., etc.)","A natural science (ex. biology, chemistry, physics)",20 to 99 employees,Back-end developer;Data scientist or machine learning specialist;Desktop or enterprise applications developer;Engineering manager,30 or more years,180000.0,Yearly,180000.0
Yes,Yes,United States,No,Employed full-time,"Bachelor’s degree (BA, BS, B.Eng., etc.)","Computer science, computer engineering, or software engineering","10,000 or more employees",Back-end developer;Data scientist or machine learning specialist;Embedded applications or devices developer,6-8 years,130000.0,Weekly,2000000.0
Yes,Yes,United States,No,Employed full-time,"Other doctoral degree (Ph.D, Ed.D., etc.)","A natural science (ex. biology, chemistry, physics)","1,000 to 4,999 employees",Data scientist or machine learning specialist,21-23 years,145000.0,,145000.0
Yes,No,United States,"Yes, part-time",Employed full-time,"Bachelor’s degree (BA, BS, B.Eng., etc.)",Mathematics or statistics,"1,000 to 4,999 employees",Data or business analyst;Data scientist or machine learning specialist;Student,3-5 years,72000.0,Yearly,72000.0
Yes,No,United States,No,Employed full-time,"Master’s degree (MA, MS, M.Eng., MBA, etc.)","Computer science, computer engineering, or software engineering","1,000 to 4,999 employees",Data or business analyst;Data scientist or machine learning specialist;Designer;DevOps specialist;Embedded applications or devices developer;QA or test developer,12-14 years,135000.0,Yearly,135000.0
No,No,United States,No,Employed full-time,"Master’s degree (MA, MS, M.Eng., MBA, etc.)","A social science (ex. anthropology, psychology, political science)","10,000 or more employees",Back-end developer;Data or business analyst;Data scientist or machine learning specialist;Database administrator;Desktop or enterprise applications developer;Embedded applications or devices developer;QA or test developer,3-5 years,90000.0,Yearly,90000.0
Yes,No,United States,No,Employed full-time,"Master’s degree (MA, MS, M.Eng., MBA, etc.)","Another engineering discipline (ex. civil, electrical, mechanical)","10,000 or more employees",Data scientist or machine learning specialist;Desktop or enterprise applications developer;Front-end developer,21-23 years,160000.0,Yearly,160000.0
Yes,No,United States,No,Employed full-time,"Bachelor’s degree (BA, BS, B.Eng., etc.)","Computer science, computer engineering, or software engineering","10,000 or more employees",Back-end developer;Data scientist or machine learning specialist,6-8 years,78000.0,Yearly,78000.0
Yes,Yes,United States,No,Employed full-time,"Bachelor’s degree (BA, BS, B.Eng., etc.)","Computer science, computer engineering, or software engineering",20 to 99 employees,Back-end developer;Data or business analyst;Data scientist or machine learning specialist;Database administrator;Designer;DevOps specialist;Embedded applications or devices developer;Front-end developer;Full-stack developer;Product manager;QA or test developer;System administrator,6-8 years,120000.0,Yearly,120000.0
Yes,Yes,United States,No,Employed full-time,"Other doctoral degree (Ph.D, Ed.D., etc.)","A natural science (ex. biology, chemistry, physics)","1,000 to 4,999 employees",Back-end developer;Data scientist or machine learning specialist;Database administrator;Desktop or enterprise applications developer;Front-end developer;Full-stack developer;System administrator,24-26 years,152000.0,Yearly,152000.0
Yes,Yes,United States,No,Employed full-time,"Bachelor’s degree (BA, BS, B.Eng., etc.)","Computer science, computer engineering, or software engineering","10,000 or more employees",Back-end developer;Data or business analyst;Data scientist or machine learning specialist;DevOps specialist;Full-stack developer,18-20 years,152000.0,Yearly,152000.0
Yes,Yes,United States,No,Employed full-time,"Other doctoral degree (Ph.D, Ed.D., etc.)","A natural science (ex. biology, chemistry, physics)",20 to 99 employees,Back-end developer;Data scientist or machine learning specialist,12-14 years,140000.0,Yearly,140000.0
Yes,No,United States,No,Employed full-time,"Master’s degree (MA, MS, M.Eng., MBA, etc.)","A humanities discipline (ex. literature, history, philosophy)","1,000 to 4,999 employees",Back-end developer;Data scientist or machine learning specialist,15-17 years,100000.0,Yearly,100000.0
Yes,Yes,United States,"Yes, part-time",Employed full-time,"Master’s degree (MA, MS, M.Eng., MBA, etc.)","Computer science, computer engineering, or software engineering",20 to 99 employees,Back-end developer;Data scientist or machine learning specialist,6-8 years,130000.0,Yearly,130000.0
No,No,United States,No,Employed full-time,"Bachelor’s degree (BA, BS, B.Eng., etc.)","Computer science, computer engineering, or software engineering","1,000 to 4,999 employees",Back-end developer;Data scientist or machine learning specialist;Database administrator;Full-stack developer,18-20 years,100000.0,,100000.0
No,No,United States,No,Employed full-time,"Master’s degree (MA, MS, M.Eng., MBA, etc.)","Computer science, computer engineering, or software engineering",100 to 499 employees,Back-end developer;Data scientist or machine learning specialist,15-17 years,115000.0,Yearly,115000.0
No,No,United States,No,Employed full-time,"Bachelor’s degree (BA, BS, B.Eng., etc.)","Computer science, computer engineering, or software engineering",Fewer than 10 employees,Back-end developer;Data scientist or machine learning specialist;Database administrator;Full-stack developer;QA or test developer,21-23 years,85000.0,Yearly,85000.0
Yes,Yes,United States,No,Employed full-time,"Other doctoral degree (Ph.D, Ed.D., etc.)","Another engineering discipline (ex. civil, electrical, mechanical)","10,000 or more employees",Data or business analyst;Data scientist or machine learning specialist,6-8 years,137000.0,Yearly,137000.0
Yes,No,United States,No,Employed full-time,Some college/university study without earning a degree,"Computer science, computer engineering, or software engineering","10,000 or more employees",Back-end developer;Data scientist or machine learning specialist;Database administrator;Designer;DevOps specialist;Engineering manager;Front-end developer;Mobile developer;Product manager;System administrator,18-20 years,100000.0,Yearly,100000.0
Yes,Yes,United States,No,Employed full-time,"Master’s degree (MA, MS, M.Eng., MBA, etc.)","Computer science, computer engineering, or software engineering","10,000 or more employees",Data scientist or machine learning specialist;Embedded applications or devices developer;Mobile developer,12-14 years,106000.0,Yearly,106000.0
Yes,Yes,United States,No,Employed full-time,"Other doctoral degree (Ph.D, Ed.D., etc.)","A natural science (ex. biology, chemistry, physics)","1,000 to 4,999 employees",Back-end developer;Data scientist or machine learning specialist;Engineering manager,30 or more years,500000.0,Yearly,500000.0
Yes,Yes,United States,No,Employed full-time,"Master’s degree (MA, MS, M.Eng., MBA, etc.)","Another engineering discipline (ex. civil, electrical, mechanical)",20 to 99 employees,Data or business analyst;Data scientist or machine learning specialist;Database administrator,6-8 years,80000.0,,80000.0
No,No,United States,No,Employed full-time,"Master’s degree (MA, MS, M.Eng., MBA, etc.)","A social science (ex. anthropology, psychology, political science)",Fewer than 10 employees,Back-end developer;Data or business analyst;Data scientist or machine learning specialist;Database administrator;Front-end developer;Full-stack developer,6-8 years,104000.0,Weekly,2000000.0
Yes,Yes,United States,"Yes, part-time",Employed full-time,"Master’s degree (MA, MS, M.Eng., MBA, etc.)","Computer science, computer engineering, or software engineering","10,000 or more employees",Back-end developer;Data scientist or machine learning specialist,12-14 years,89000.0,Yearly,89000.0
Yes,No,United States,"Yes, part-time",Employed full-time,"Bachelor’s degree (BA, BS, B.Eng., etc.)","Computer science, computer engineering, or software engineering",100 to 499 employees,Back-end developer;Data scientist or machine learning specialist;Full-stack developer,12-14 years,83000.0,Monthly,996000.0
Yes,Yes,United States,No,Employed full-time,"Other doctoral degree (Ph.D, Ed.D., etc.)","Computer science, computer engineering, or software engineering",100 to 499 employees,Back-end developer;Data scientist or machine learning specialist,30 or more years,189000.0,,189000.0
Yes,No,United States,No,Employed full-time,"Master’s degree (MA, MS, M.Eng., MBA, etc.)","Computer science, computer engineering, or software engineering","10,000 or more employees",Back-end developer;Data scientist or machine learning specialist,9-11 years,158000.0,Yearly,158000.0
No,Yes,United States,No,Employed full-time,"Bachelor’s degree (BA, BS, B.Eng., etc.)","Computer science, computer engineering, or software engineering",20 to 99 employees,Back-end developer;Data scientist or machine learning specialist;Embedded applications or devices developer,15-17 years,105000.0,,105000.0
Yes,Yes,United States,No,Employed full-time,"Master’s degree (MA, MS, M.Eng., MBA, etc.)","A natural science (ex. biology, chemistry, physics)","1,000 to 4,999 employees",Data scientist or machine learning specialist,12-14 years,90000.0,Yearly,90000.0
Yes,Yes,United States,No,Employed full-time,"Other doctoral degree (Ph.D, Ed.D., etc.)","A natural science (ex. biology, chemistry, physics)",100 to 499 employees,Data scientist or machine learning specialist;Engineering manager,12-14 years,13300.0,Monthly,159600.0
Yes,Yes,United States,"Yes, part-time",Employed full-time,"Bachelor’s degree (BA, BS, B.Eng., etc.)","Computer science, computer engineering, or software engineering",100 to 499 employees,Data or business analyst;Data scientist or machine learning specialist;Database administrator,12-14 years,135000.0,Monthly,1620000.0
Yes,Yes,United States,"Yes, part-time",Employed full-time,"Master’s degree (MA, MS, M.Eng., MBA, etc.)",Mathematics or statistics,500 to 999 employees,Data or business analyst;Data scientist or machine learning specialist,9-11 years,70000.0,,70000.0
Yes,No,United States,No,Employed full-time,"Bachelor’s degree (BA, BS, B.Eng., etc.)","Computer science, computer engineering, or software engineering",20 to 99 employees,Data scientist or machine learning specialist,12-14 years,155000.0,Yearly,155000.0
No,Yes,United States,No,Employed full-time,"Bachelor’s degree (BA, BS, B.Eng., etc.)","Computer science, computer engineering, or software engineering","1,000 to 4,999 employees",Back-end developer;Data scientist or machine learning specialist;DevOps specialist;Front-end developer;Full-stack developer,6-8 years,115000.0,,115000.0
Yes,Yes,United States,No,Employed full-time,"Bachelor’s degree (BA, BS, B.Eng., etc.)","Another engineering discipline (ex. civil, electrical, mechanical)",20 to 99 employees,Data or business analyst;Data scientist or machine learning specialist;Database administrator;Designer;Front-end developer;Product manager;QA or test developer,12-14 years,57600.0,Yearly,57600.0
Yes,Yes,United States,No,Employed full-time,"Master’s degree (MA, MS, M.Eng., MBA, etc.)",Mathematics or statistics,500 to 999 employees,Data scientist or machine learning specialist,9-11 years,206000.0,,206000.0
Yes,Yes,United States,No,Employed full-time,"Bachelor’s degree (BA, BS, B.Eng., etc.)","Computer science, computer engineering, or software engineering","1,000 to 4,999 employees",Back-end developer;Data scientist or machine learning specialist;Database administrator;Designer;DevOps specialist;Full-stack developer;Mobile developer;Student;System administrator,18-20 years,130000.0,Yearly,130000.0
Yes,No,United States,No,Employed full-time,"Bachelor’s degree (BA, BS, B.Eng., etc.)","Computer science, computer engineering, or software engineering","10,000 or more employees",Data scientist or machine learning specialist;Embedded applications or devices developer;Mobile developer,21-23 years,182000.0,Yearly,182000.0
Yes,Yes,United States,"Yes, full-time",Employed full-time,"Master’s degree (MA, MS, M.Eng., MBA, etc.)","A natural science (ex. biology, chemistry, physics)",Fewer than 10 employees,Back-end developer;Data scientist or machine learning specialist;DevOps specialist;Educator or academic researcher;Student;System administrator,9-11 years,32000.0,Yearly,32000.0
Yes,No,United States,No,Employed full-time,"Master’s degree (MA, MS, M.Eng., MBA, etc.)","A humanities discipline (ex. literature, history, philosophy)",100 to 499 employees,Data scientist or machine learning specialist,18-20 years,116000.0,Yearly,116000.0
Yes,Yes,United States,No,Employed full-time,"Bachelor’s degree (BA, BS, B.Eng., etc.)","A business discipline (ex. accounting, finance, marketing)",20 to 99 employees,"Back-end developer;C-suite executive (CEO, CTO, etc.);Data scientist or machine learning specialist;Desktop or enterprise applications developer;Front-end developer;Full-stack developer;Product manager",18-20 years,245000.0,Yearly,245000.0
Yes,No,United States,No,Employed full-time,Some college/university study without earning a degree,"Computer science, computer engineering, or software engineering",10 to 19 employees,Back-end developer;Data or business analyst;Data scientist or machine learning specialist;Database administrator,12-14 years,45000.0,Yearly,45000.0
Yes,No,United States,No,Employed full-time,"Master’s degree (MA, MS, M.Eng., MBA, etc.)","Computer science, computer engineering, or software engineering",500 to 999 employees,Back-end developer;Data or business analyst;Data scientist or machine learning specialist;Database administrator;Front-end developer,6-8 years,74000.0,Yearly,74000.0
Yes,No,United States,No,Employed full-time,"Master’s degree (MA, MS, M.Eng., MBA, etc.)","Another engineering discipline (ex. civil, electrical, mechanical)",20 to 99 employees,Data scientist or machine learning specialist;Engineering manager,3-5 years,100000.0,Yearly,100000.0
Yes,Yes,United States,No,Employed part-time,Primary/elementary school,,20 to 99 employees,Back-end developer;Data scientist or machine learning specialist;Database administrator;Educator or academic researcher;Student,6-8 years,3000.0,Yearly,3000.0
Yes,Yes,United States,No,Employed full-time,"Bachelor’s degree (BA, BS, B.Eng., etc.)","Computer science, computer engineering, or software engineering","1,000 to 4,999 employees",Back-end developer;Data scientist or machine learning specialist,21-23 years,220000.0,Yearly,220000.0
Yes,No,United States,No,Employed full-time,"Bachelor’s degree (BA, BS, B.Eng., etc.)","A natural science (ex. biology, chemistry, physics)","1,000 to 4,999 employees",Data scientist or machine learning specialist,3-5 years,100000.0,,100000.0
Yes,Yes,United States,No,Employed full-time,"Other doctoral degree (Ph.D, Ed.D., etc.)","A humanities discipline (ex. literature, history, philosophy)",20 to 99 employees,Back-end developer;Data or business analyst;Data scientist or machine learning specialist;Database administrator;Educator or academic researcher;System administrator,6-8 years,82000.0,,82000.0
Yes,Yes,United States,No,Employed full-time,Some college/university study without earning a degree,"Computer science, computer engineering, or software engineering",20 to 99 employees,Back-end developer;Data or business analyst;Data scientist or machine learning specialist;Database administrator;Designer;Desktop or enterprise applications developer;DevOps specialist;Front-end developer;Full-stack developer;System administrator,18-20 years,40000.0,,40000.0
Yes,Yes,United States,No,Employed full-time,"Other doctoral degree (Ph.D, Ed.D., etc.)","A social science (ex. anthropology, psychology, political science)",100 to 499 employees,Data scientist or machine learning specialist,9-11 years,150000.0,Yearly,150000.0
Yes,Yes,United States,No,Employed full-time,"Bachelor’s degree (BA, BS, B.Eng., etc.)",Mathematics or statistics,500 to 999 employees,Back-end developer;Data scientist or machine learning specialist;DevOps specialist,6-8 years,147000.0,Yearly,147000.0
Yes,Yes,United States,No,Employed full-time,"Other doctoral degree (Ph.D, Ed.D., etc.)","Computer science, computer engineering, or software engineering",10 to 19 employees,Back-end developer;Data scientist or machine learning specialist;Designer;DevOps specialist;Front-end developer;Full-stack developer,15-17 years,70000.0,,70000.0
Yes,Yes,United States,No,Employed full-time,"Master’s degree (MA, MS, M.Eng., MBA, etc.)","Another engineering discipline (ex. civil, electrical, mechanical)","10,000 or more employees",Back-end developer;Data scientist or machine learning specialist;Desktop or enterprise applications developer;Front-end developer;Full-stack developer,12-14 years,103000.0,Yearly,103000.0
Yes,Yes,United States,"Yes, full-time",Employed part-time,Some college/university study without earning a degree,"Another engineering discipline (ex. civil, electrical, mechanical)",Fewer than 10 employees,Back-end developer;Data or business analyst;Data scientist or machine learning specialist;Database administrator;Front-end developer;Full-stack developer;Student,6-8 years,90000.0,Yearly,90000.0
Yes,Yes,United States,No,Employed full-time,"Master’s degree (MA, MS, M.Eng., MBA, etc.)","Computer science, computer engineering, or software engineering",20 to 99 employees,"Back-end developer;C-suite executive (CEO, CTO, etc.);Data scientist or machine learning specialist;Database administrator;DevOps specialist;Full-stack developer;Mobile developer;Product manager;System administrator",21-23 years,600000.0,Yearly,600000.0
Yes,No,United States,No,Employed full-time,"Master’s degree (MA, MS, M.Eng., MBA, etc.)",Mathematics or statistics,"10,000 or more employees",Data or business analyst;Data scientist or machine learning specialist,6-8 years,80000.0,Yearly,80000.0
Yes,No,United States,No,Employed full-time,"Bachelor’s degree (BA, BS, B.Eng., etc.)","Computer science, computer engineering, or software engineering",10 to 19 employees,Data scientist or machine learning specialist,3-5 years,61000.0,Yearly,61000.0
Yes,Yes,United States,No,Employed full-time,"Bachelor’s degree (BA, BS, B.Eng., etc.)","Computer science, computer engineering, or software engineering","10,000 or more employees",Data scientist or machine learning specialist;Full-stack developer,6-8 years,80000.0,Yearly,80000.0
No,No,United States,"Yes, full-time",Employed full-time,"Bachelor’s degree (BA, BS, B.Eng., etc.)",,"10,000 or more employees",Back-end developer;Data scientist or machine learning specialist;Desktop or enterprise applications developer;DevOps specialist;Full-stack developer,21-23 years,105000.0,Yearly,105000.0
Yes,No,United States,No,Employed full-time,"Bachelor’s degree (BA, BS, B.Eng., etc.)","Computer science, computer engineering, or software engineering",100 to 499 employees,Back-end developer;Data scientist or machine learning specialist,3-5 years,80000.0,Yearly,80000.0
Yes,No,United States,No,Employed full-time,"Other doctoral degree (Ph.D, Ed.D., etc.)",Mathematics or statistics,"10,000 or more employees",Data scientist or machine learning specialist;Educator or academic researcher;Full-stack developer,18-20 years,95000.0,,95000.0
Yes,Yes,United States,"Yes, part-time",Employed full-time,"Bachelor’s degree (BA, BS, B.Eng., etc.)","Computer science, computer engineering, or software engineering",20 to 99 employees,Back-end developer;Data scientist or machine learning specialist;Database administrator;DevOps specialist;Front-end developer;Full-stack developer;Mobile developer,6-8 years,93000.0,Yearly,93000.0
Yes,No,United States,No,Employed full-time,Some college/university study without earning a degree,"Computer science, computer engineering, or software engineering",20 to 99 employees,Back-end developer;Data scientist or machine learning specialist;Database administrator;Game or graphics developer,9-11 years,75000.0,Yearly,75000.0
Yes,Yes,United States,No,Employed full-time,"Bachelor’s degree (BA, BS, B.Eng., etc.)","Computer science, computer engineering, or software engineering",Fewer than 10 employees,Back-end developer;Data scientist or machine learning specialist;Database administrator;Front-end developer;Full-stack developer,9-11 years,50000.0,Yearly,50000.0
No,No,United States,No,Employed full-time,"Bachelor’s degree (BA, BS, B.Eng., etc.)",,20 to 99 employees,Data scientist or machine learning specialist;Embedded applications or devices developer;Full-stack developer,6-8 years,116000.0,Yearly,116000.0
Yes,Yes,United States,"Yes, part-time",Employed full-time,"Bachelor’s degree (BA, BS, B.Eng., etc.)","A natural science (ex. biology, chemistry, physics)",100 to 499 employees,Back-end developer;Data scientist or machine learning specialist;Database administrator;DevOps specialist;System administrator,0-2 years,55000.0,Yearly,55000.0
Yes,Yes,United States,No,Employed full-time,"Master’s degree (MA, MS, M.Eng., MBA, etc.)","Another engineering discipline (ex. civil, electrical, mechanical)","10,000 or more employees",Back-end developer;Data scientist or machine learning specialist;Database administrator;Engineering manager;Front-end developer;Full-stack developer,6-8 years,115000.0,Yearly,115000.0
No,No,United States,No,Employed full-time,"Master’s degree (MA, MS, M.Eng., MBA, etc.)","Computer science, computer engineering, or software engineering","10,000 or more employees",Back-end developer;Data scientist or machine learning specialist;Front-end developer;Full-stack developer;Mobile developer,30 or more years,147000.0,Yearly,147000.0
Yes,No,United States,"Yes, full-time",Employed full-time,"Master’s degree (MA, MS, M.Eng., MBA, etc.)",Mathematics or statistics,"10,000 or more employees",Data or business analyst;Data scientist or machine learning specialist,6-8 years,80000.0,Yearly,80000.0
No,Yes,United States,No,Employed full-time,"Master’s degree (MA, MS, M.Eng., MBA, etc.)","Computer science, computer engineering, or software engineering","1,000 to 4,999 employees",Data scientist or machine learning specialist,15-17 years,200000.0,Yearly,200000.0
Yes,Yes,United States,No,Employed full-time,"Bachelor’s degree (BA, BS, B.Eng., etc.)","Information systems, information technology, or system administration",10 to 19 employees,Back-end developer;Data or business analyst;Data scientist or machine learning specialist;Designer;Front-end developer;Full-stack developer,9-11 years,54000.0,Yearly,54000.0
Yes,No,United States,"Yes, full-time",Employed full-time,"Master’s degree (MA, MS, M.Eng., MBA, etc.)","Computer science, computer engineering, or software engineering",20 to 99 employees,Back-end developer;Data or business analyst;Data scientist or machine learning specialist;DevOps specialist;Full-stack developer,3-5 years,65000.0,Monthly,780000.0
Yes,Yes,United States,No,Employed full-time,"Master’s degree (MA, MS, M.Eng., MBA, etc.)","Computer science, computer engineering, or software engineering","10,000 or more employees",Data or business analyst;Data scientist or machine learning specialist,12-14 years,70000.0,,70000.0
No,No,United States,"Yes, full-time",Employed full-time,"Bachelor’s degree (BA, BS, B.Eng., etc.)","A social science (ex. anthropology, psychology, political science)","5,000 to 9,999 employees",Data scientist or machine learning specialist;Student,6-8 years,30000.0,,30000.0
Yes,Yes,United States,No,Employed full-time,"Master’s degree (MA, MS, M.Eng., MBA, etc.)","A social science (ex. anthropology, psychology, political science)","10,000 or more employees",Data or business analyst;Data scientist or machine learning specialist,3-5 years,100000.0,Yearly,100000.0
Yes,Yes,United States,No,Employed part-time,"Bachelor’s degree (BA, BS, B.Eng., etc.)","A social science (ex. anthropology, psychology, political science)",500 to 999 employees,Back-end developer;Data or business analyst;Data scientist or machine learning specialist;Database administrator;Engineering manager;Front-end developer;Full-stack developer;Product manager;System administrator,9-11 years,79000.0,Yearly,79000.0
Yes,No,United States,No,Employed full-time,"Master’s degree (MA, MS, M.Eng., MBA, etc.)","A business discipline (ex. accounting, finance, marketing)","5,000 to 9,999 employees",Data or business analyst;Data scientist or machine learning specialist,0-2 years,85000.0,,85000.0
No,No,United States,No,Employed full-time,"Bachelor’s degree (BA, BS, B.Eng., etc.)","Another engineering discipline (ex. civil, electrical, mechanical)","10,000 or more employees",Data scientist or machine learning specialist,3-5 years,74000.0,,74000.0
Yes,Yes,United States,No,Employed full-time,"Bachelor’s degree (BA, BS, B.Eng., etc.)","A social science (ex. anthropology, psychology, political science)",20 to 99 employees,Data or business analyst;Data scientist or machine learning specialist,6-8 years,90000.0,,90000.0
Yes,No,United States,No,Employed full-time,"Master’s degree (MA, MS, M.Eng., MBA, etc.)","A social science (ex. anthropology, psychology, political science)","10,000 or more employees",Data scientist or machine learning specialist,3-5 years,110000.0,Yearly,110000.0
Yes,No,United States,No,Employed full-time,Some college/university study without earning a degree,"Computer science, computer engineering, or software engineering",100 to 499 employees,Back-end developer;Data or business analyst;Data scientist or machine learning specialist;Database administrator;Designer;Front-end developer;Full-stack developer,3-5 years,90000.0,,90000.0
Yes,No,United States,No,Employed full-time,"Bachelor’s degree (BA, BS, B.Eng., etc.)","Computer science, computer engineering, or software engineering",20 to 99 employees,Back-end developer;Data scientist or machine learning specialist;QA or test developer,3-5 years,55000.0,Yearly,55000.0
Yes,Yes,United States,No,Employed full-time,"Master’s degree (MA, MS, M.Eng., MBA, etc.)",Mathematics or statistics,100 to 499 employees,Back-end developer;Data scientist or machine learning specialist,6-8 years,110000.0,,110000.0
Yes,Yes,United States,No,Employed full-time,"Bachelor’s degree (BA, BS, B.Eng., etc.)","Computer science, computer engineering, or software engineering",20 to 99 employees,Back-end developer;Data scientist or machine learning specialist;Front-end developer;Full-stack developer,3-5 years,50000.0,,50000.0
Yes,Yes,United States,No,Employed full-time,"Master’s degree (MA, MS, M.Eng., MBA, etc.)",Mathematics or statistics,500 to 999 employees,Data scientist or machine learning specialist,12-14 years,100000.0,Yearly,100000.0
Yes,No,United States,No,Employed full-time,"Master’s degree (MA, MS, M.Eng., MBA, etc.)",Mathematics or statistics,100 to 499 employees,Back-end developer;Data or business analyst;Data scientist or machine learning specialist;Database administrator;DevOps specialist;QA or test developer;System administrator,9-11 years,145000.0,Yearly,145000.0
Yes,No,United States,"Yes, full-time",Employed part-time,Some college/university study without earning a degree,"Computer science, computer engineering, or software engineering","10,000 or more employees",Data scientist or machine learning specialist;Student,3-5 years,66000.0,Yearly,66000.0
No,Yes,United States,No,Employed full-time,"Bachelor’s degree (BA, BS, B.Eng., etc.)",Mathematics or statistics,10 to 19 employees,Data or business analyst;Data scientist or machine learning specialist,0-2 years,24000.0,Weekly,1200000.0
No,Yes,United States,No,Employed full-time,"Bachelor’s degree (BA, BS, B.Eng., etc.)",,100 to 499 employees,Back-end developer;Data or business analyst;Data scientist or machine learning specialist;Database administrator;DevOps specialist;System administrator,12-14 years,150000.0,,150000.0
Yes,Yes,United States,No,Employed full-time,"Master’s degree (MA, MS, M.Eng., MBA, etc.)","A natural science (ex. biology, chemistry, physics)",100 to 499 employees,Data scientist or machine learning specialist,3-5 years,45000.0,Yearly,45000.0
No,No,United States,"Yes, part-time",Employed full-time,"Bachelor’s degree (BA, BS, B.Eng., etc.)","A natural science (ex. biology, chemistry, physics)","10,000 or more employees",Back-end developer;Data scientist or machine learning specialist;Front-end developer;Student,3-5 years,102000.0,Yearly,102000.0
Yes,No,United States,No,Employed full-time,"Master’s degree (MA, MS, M.Eng., MBA, etc.)","A business discipline (ex. accounting, finance, marketing)",20 to 99 employees,Data scientist or machine learning specialist,3-5 years,80000.0,Yearly,80000.0
No,No,United States,No,Employed full-time,"Bachelor’s degree (BA, BS, B.Eng., etc.)","Computer science, computer engineering, or software engineering","10,000 or more employees",Back-end developer;Data scientist or machine learning specialist;Database administrator;Designer;Desktop or enterprise applications developer;Engineering manager;Full-stack developer,27-29 years,150000.0,Yearly,150000.0
No,Yes,United States,No,Employed full-time,"Master’s degree (MA, MS, M.Eng., MBA, etc.)","Fine arts or performing arts (ex. graphic design, music, studio art)",20 to 99 employees,Data scientist or machine learning specialist;Engineering manager;QA or test developer,15-17 years,150000.0,,150000.0
No,No,United States,No,Employed full-time,Some college/university study without earning a degree,,10 to 19 employees,"Back-end developer;C-suite executive (CEO, CTO, etc.);Data or business analyst;Data scientist or machine learning specialist;Database administrator;DevOps specialist;Engineering manager;Front-end developer;Full-stack developer;Marketing or sales professional;QA or test developer;System administrator",15-17 years,90000.0,Weekly,2000000.0
Yes,Yes,United States,No,Employed full-time,"Secondary school (e.g. American high school, German Realschule or Gymnasium, etc.)",,"10,000 or more employees",Back-end developer;Data or business analyst;Data scientist or machine learning specialist;Designer;Desktop or enterprise applications developer;Front-end developer;Full-stack developer;Game or graphics developer;Mobile developer;System administrator,12-14 years,62400.0,,62400.0
Yes,No,United States,No,Employed full-time,"Other doctoral degree (Ph.D, Ed.D., etc.)","Computer science, computer engineering, or software engineering",20 to 99 employees,Data scientist or machine learning specialist;Desktop or enterprise applications developer;Game or graphics developer,15-17 years,140000.0,Yearly,140000.0
Yes,Yes,United States,No,Employed full-time,"Bachelor’s degree (BA, BS, B.Eng., etc.)","A natural science (ex. biology, chemistry, physics)",500 to 999 employees,Data or business analyst;Data scientist or machine learning specialist,30 or more years,95000.0,Yearly,95000.0
Yes,Yes,United States,No,Employed full-time,"Other doctoral degree (Ph.D, Ed.D., etc.)",,"10,000 or more employees",Data scientist or machine learning specialist,6-8 years,110000.0,Yearly,110000.0
Yes,No,United States,"Yes, part-time",Employed full-time,"Master’s degree (MA, MS, M.Eng., MBA, etc.)",Mathematics or statistics,10 to 19 employees,Data or business analyst;Data scientist or machine learning specialist,3-5 years,70000.0,Yearly,70000.0
Yes,No,United States,No,Employed full-time,"Bachelor’s degree (BA, BS, B.Eng., etc.)","A social science (ex. anthropology, psychology, political science)",500 to 999 employees,Data scientist or machine learning specialist,3-5 years,55000.0,Yearly,55000.0
Yes,Yes,United States,No,Employed full-time,"Bachelor’s degree (BA, BS, B.Eng., etc.)","Another engineering discipline (ex. civil, electrical, mechanical)","5,000 to 9,999 employees",Back-end developer;Data scientist or machine learning specialist;Designer;Desktop or enterprise applications developer;Embedded applications or devices developer,6-8 years,98000.0,,98000.0
No,No,United States,No,Employed full-time,"Master’s degree (MA, MS, M.Eng., MBA, etc.)","Computer science, computer engineering, or software engineering","1,000 to 4,999 employees",Back-end developer;Data scientist or machine learning specialist,18-20 years,122000.0,Yearly,122000.0
No,No,United States,No,Employed full-time,"Master’s degree (MA, MS, M.Eng., MBA, etc.)","Computer science, computer engineering, or software engineering",20 to 99 employees,Data or business analyst;Data scientist or machine learning specialist,18-20 years,117000.0,Yearly,117000.0
Yes,Yes,United States,No,Employed full-time,Some college/university study without earning a degree,"Computer science, computer engineering, or software engineering",Fewer than 10 employees,Back-end developer;Data scientist or machine learning specialist;Database administrator;DevOps specialist;Engineering manager;Full-stack developer;Product manager;System administrator,9-11 years,70000.0,,70000.0
Yes,Yes,United States,"Yes, full-time",Employed full-time,"Bachelor’s degree (BA, BS, B.Eng., etc.)","Computer science, computer engineering, or software engineering","1,000 to 4,999 employees",Back-end developer;Data scientist or machine learning specialist;Front-end developer;Full-stack developer;Student,12-14 years,5300.0,Monthly,63600.0
No,No,United States,No,Employed full-time,Some college/university study without earning a degree,"Computer science, computer engineering, or software engineering","10,000 or more employees",Back-end developer;Data or business analyst;Data scientist or machine learning specialist;Front-end developer;Full-stack developer,0-2 years,74500.0,Yearly,74500.0
Yes,Yes,United States,No,Employed full-time,"Bachelor’s degree (BA, BS, B.Eng., etc.)","Computer science, computer engineering, or software engineering",20 to 99 employees,Back-end developer;Data scientist or machine learning specialist;Database administrator;DevOps specialist;Engineering manager;Full-stack developer,27-29 years,160000.0,Yearly,160000.0
Yes,Yes,United States,"Yes, full-time",Employed part-time,"Bachelor’s degree (BA, BS, B.Eng., etc.)","Computer science, computer engineering, or software engineering",10 to 19 employees,Back-end developer;Data scientist or machine learning specialist;Front-end developer;Full-stack developer;Mobile developer;Student,6-8 years,100000.0,Weekly,2000000.0
Yes,Yes,United States,No,Employed full-time,"Master’s degree (MA, MS, M.Eng., MBA, etc.)","Another engineering discipline (ex. civil, electrical, mechanical)",20 to 99 employees,Back-end developer;Data scientist or machine learning specialist,9-11 years,125000.0,,125000.0
Yes,No,United States,No,Employed full-time,"Bachelor’s degree (BA, BS, B.Eng., etc.)",Mathematics or statistics,10 to 19 employees,Data scientist or machine learning specialist,6-8 years,115000.0,,115000.0
Yes,No,United States,No,Employed full-time,"Bachelor’s degree (BA, BS, B.Eng., etc.)","Computer science, computer engineering, or software engineering",100 to 499 employees,"Back-end developer;C-suite executive (CEO, CTO, etc.);Data or business analyst;Data scientist or machine learning specialist;Database administrator;Designer;Front-end developer;Full-stack developer;Marketing or sales professional;Product manager;System administrator",18-20 years,400000.0,,400000.0
Yes,Yes,United States,No,Employed full-time,"Master’s degree (MA, MS, M.Eng., MBA, etc.)","Computer science, computer engineering, or software engineering","10,000 or more employees",Data scientist or machine learning specialist,24-26 years,122000.0,Yearly,122000.0
Yes,No,United States,No,Employed full-time,"Master’s degree (MA, MS, M.Eng., MBA, etc.)","Another engineering discipline (ex. civil, electrical, mechanical)","10,000 or more employees",Data scientist or machine learning specialist,6-8 years,78300.0,Yearly,78300.0
No,No,United States,"Yes, full-time",Employed full-time,"Other doctoral degree (Ph.D, Ed.D., etc.)",Mathematics or statistics,"10,000 or more employees",Data scientist or machine learning specialist,6-8 years,130000.0,Yearly,130000.0
Yes,No,United States,"Yes, full-time",Employed full-time,"Other doctoral degree (Ph.D, Ed.D., etc.)","Another engineering discipline (ex. civil, electrical, mechanical)",Fewer than 10 employees,Data scientist or machine learning specialist,3-5 years,2000.0,Monthly,24000.0
Yes,No,United States,No,Employed full-time,"Bachelor’s degree (BA, BS, B.Eng., etc.)","Computer science, computer engineering, or software engineering","10,000 or more employees",Back-end developer;Data or business analyst;Data scientist or machine learning specialist;Database administrator;Designer;Desktop or enterprise applications developer;Educator or academic researcher;Full-stack developer;Game or graphics developer,30 or more years,200000.0,Yearly,200000.0
No,Yes,United States,No,Employed full-time,"Other doctoral degree (Ph.D, Ed.D., etc.)","A social science (ex. anthropology, psychology, political science)",20 to 99 employees,Data scientist or machine learning specialist,6-8 years,125000.0,Yearly,125000.0
Yes,Yes,United States,"Yes, full-time",Employed part-time,Associate degree,"A natural science (ex. biology, chemistry, physics)",Fewer than 10 employees,Data scientist or machine learning specialist;Educator or academic researcher;Student,9-11 years,5000.0,Yearly,5000.0
Yes,Yes,United States,No,Employed full-time,"Bachelor’s degree (BA, BS, B.Eng., etc.)","A natural science (ex. biology, chemistry, physics)","10,000 or more employees",Back-end developer;Data scientist or machine learning specialist;DevOps specialist;Educator or academic researcher;Front-end developer;Full-stack developer;Game or graphics developer;Mobile developer;Product manager;QA or test developer;System administrator,3-5 years,79000.0,Yearly,79000.0
No,No,United States,"Yes, part-time",Employed full-time,"Bachelor’s degree (BA, BS, B.Eng., etc.)",Mathematics or statistics,100 to 499 employees,Data or business analyst;Data scientist or machine learning specialist,6-8 years,6300.0,Monthly,75600.0
Yes,Yes,United States,No,Employed full-time,"Bachelor’s degree (BA, BS, B.Eng., etc.)",Mathematics or statistics,"5,000 to 9,999 employees",Back-end developer;Data or business analyst;Data scientist or machine learning specialist;Full-stack developer;System administrator,15-17 years,53000.0,,53000.0
Yes,Yes,United States,No,Employed full-time,"Bachelor’s degree (BA, BS, B.Eng., etc.)","Computer science, computer engineering, or software engineering",100 to 499 employees,"C-suite executive (CEO, CTO, etc.);Data scientist or machine learning specialist;DevOps specialist;Engineering manager",24-26 years,180000.0,,180000.0
Yes,No,United States,No,Employed full-time,"Bachelor’s degree (BA, BS, B.Eng., etc.)","Computer science, computer engineering, or software engineering",100 to 499 employees,Back-end developer;Data or business analyst;Data scientist or machine learning specialist;Database administrator;Designer;Desktop or enterprise applications developer;DevOps specialist;Front-end developer;Full-stack developer;Mobile developer,6-8 years,78000.0,Yearly,78000.0
No,No,United States,No,Employed full-time,"Master’s degree (MA, MS, M.Eng., MBA, etc.)","A social science (ex. anthropology, psychology, political science)","10,000 or more employees",Data or business analyst;Data scientist or machine learning specialist;Product manager,3-5 years,132000.0,Yearly,132000.0
Yes,No,United States,No,Employed full-time,"Master’s degree (MA, MS, M.Eng., MBA, etc.)",Mathematics or statistics,100 to 499 employees,Data scientist or machine learning specialist,3-5 years,88000.0,,88000.0
Yes,No,United States,No,Employed full-time,"Master’s degree (MA, MS, M.Eng., MBA, etc.)",Mathematics or statistics,"1,000 to 4,999 employees",Data or business analyst;Data scientist or machine learning specialist,9-11 years,103000.0,,103000.0
Yes,No,United States,No,Employed full-time,"Bachelor’s degree (BA, BS, B.Eng., etc.)",Mathematics or statistics,20 to 99 employees,Data or business analyst;Data scientist or machine learning specialist,0-2 years,70000.0,,70000.0
Yes,Yes,United States,No,Employed full-time,Some college/university study without earning a degree,"A social science (ex. anthropology, psychology, political science)",20 to 99 employees,Data scientist or machine learning specialist;Designer;Front-end developer,0-2 years,67000.0,Yearly,67000.0
Yes,No,United States,No,Employed full-time,"Bachelor’s degree (BA, BS, B.Eng., etc.)","Another engineering discipline (ex. civil, electrical, mechanical)",20 to 99 employees,Back-end developer;Data scientist or machine learning specialist,18-20 years,180000.0,Yearly,180000.0
Yes,No,United States,No,Employed full-time,"Bachelor’s degree (BA, BS, B.Eng., etc.)","Computer science, computer engineering, or software engineering",20 to 99 employees,Data scientist or machine learning specialist;Desktop or enterprise applications developer;Full-stack developer,6-8 years,90000.0,,90000.0
No,No,United States,No,Employed full-time,"Bachelor’s degree (BA, BS, B.Eng., etc.)","Computer science, computer engineering, or software engineering","1,000 to 4,999 employees",Data scientist or machine learning specialist;Desktop or enterprise applications developer;Full-stack developer,9-11 years,77000.0,Yearly,77000.0
Yes,No,United States,"Yes, full-time",Employed full-time,"Bachelor’s degree (BA, BS, B.Eng., etc.)","Computer science, computer engineering, or software engineering",20 to 99 employees,Data scientist or machine learning specialist;Mobile developer,15-17 years,150000.0,Yearly,150000.0
Yes,Yes,United States,No,Employed full-time,"Bachelor’s degree (BA, BS, B.Eng., etc.)","Computer science, computer engineering, or software engineering",100 to 499 employees,Back-end developer;Data scientist or machine learning specialist;System administrator,30 or more years,160000.0,,160000.0
Yes,Yes,United States,"Yes, part-time",Employed full-time,"Bachelor’s degree (BA, BS, B.Eng., etc.)","Computer science, computer engineering, or software engineering","1,000 to 4,999 employees",Back-end developer;Data scientist or machine learning specialist;Full-stack developer,12-14 years,118000.0,Yearly,118000.0
No,No,United States,No,Employed full-time,"Master’s degree (MA, MS, M.Eng., MBA, etc.)","A natural science (ex. biology, chemistry, physics)",100 to 499 employees,Data scientist or machine learning specialist,3-5 years,70000.0,Yearly,70000.0
Yes,No,United States,No,Employed full-time,"Master’s degree (MA, MS, M.Eng., MBA, etc.)","Computer science, computer engineering, or software engineering","10,000 or more employees",Back-end developer;Data scientist or machine learning specialist;Full-stack developer,9-11 years,113000.0,Yearly,113000.0
Yes,Yes,United States,"Yes, part-time",Employed part-time,"Other doctoral degree (Ph.D, Ed.D., etc.)","A health science (ex. nursing, pharmacy, radiology)","10,000 or more employees",Data or business analyst;Data scientist or machine learning specialist;Educator or academic researcher,6-8 years,2000.0,Monthly,24000.0
Yes,Yes,United States,No,Employed full-time,"Master’s degree (MA, MS, M.Eng., MBA, etc.)","Computer science, computer engineering, or software engineering","10,000 or more employees",Data scientist or machine learning specialist;Engineering manager,12-14 years,140000.0,Yearly,140000.0
Yes,No,United States,"Yes, full-time",Employed part-time,Some college/university study without earning a degree,"Computer science, computer engineering, or software engineering",20 to 99 employees,Data scientist or machine learning specialist;Front-end developer;Game or graphics developer;Student,6-8 years,500.0,Monthly,6000.0
Yes,Yes,United States,No,Employed full-time,"Other doctoral degree (Ph.D, Ed.D., etc.)","A natural science (ex. biology, chemistry, physics)",20 to 99 employees,Data scientist or machine learning specialist;Educator or academic researcher;System administrator,6-8 years,58000.0,,58000.0
Yes,Yes,United States,No,Employed full-time,"Master’s degree (MA, MS, M.Eng., MBA, etc.)","Computer science, computer engineering, or software engineering",20 to 99 employees,Back-end developer;Data scientist or machine learning specialist;Front-end developer;Full-stack developer,9-11 years,68000.0,,68000.0
Yes,No,United States,No,Employed full-time,"Bachelor’s degree (BA, BS, B.Eng., etc.)","Computer science, computer engineering, or software engineering",10 to 19 employees,Back-end developer;Data or business analyst;Data scientist or machine learning specialist;Database administrator,9-11 years,90000.0,Yearly,90000.0
Yes,Yes,United States,No,Employed full-time,Some college/university study without earning a degree,"Computer science, computer engineering, or software engineering","1,000 to 4,999 employees",Back-end developer;Data or business analyst;Data scientist or machine learning specialist;Database administrator;Designer;Desktop or enterprise applications developer;Engineering manager;Front-end developer;Full-stack developer;Mobile developer;Product manager,6-8 years,175000.0,Yearly,175000.0
Yes,No,United States,No,Employed full-time,Associate degree,I never declared a major,"10,000 or more employees",Back-end developer;Data or business analyst;Data scientist or machine learning specialist;Database administrator;Designer;DevOps specialist;Engineering manager;Front-end developer;Full-stack developer;QA or test developer;System administrator,6-8 years,111000.0,Yearly,111000.0
Yes,Yes,United States,No,Employed full-time,Some college/university study without earning a degree,"Computer science, computer engineering, or software engineering",20 to 99 employees,Back-end developer;Data scientist or machine learning specialist,30 or more years,168000.0,,168000.0
Yes,No,United States,No,Employed full-time,Some college/university study without earning a degree,"Computer science, computer engineering, or software engineering",20 to 99 employees,Back-end developer;Data or business analyst;Data scientist or machine learning specialist;DevOps specialist;Educator or academic researcher;Front-end developer;Full-stack developer;System administrator,24-26 years,123000.0,Yearly,123000.0
No,No,United States,No,Employed full-time,"Bachelor’s degree (BA, BS, B.Eng., etc.)","A humanities discipline (ex. literature, history, philosophy)","1,000 to 4,999 employees",Back-end developer;Data or business analyst;Data scientist or machine learning specialist;Designer,21-23 years,160000.0,Yearly,160000.0
Yes,No,United States,No,Employed full-time,"Master’s degree (MA, MS, M.Eng., MBA, etc.)",Mathematics or statistics,10 to 19 employees,Data scientist or machine learning specialist,6-8 years,105000.0,Yearly,105000.0
Yes,No,United States,"Yes, part-time",Employed full-time,"Master’s degree (MA, MS, M.Eng., MBA, etc.)","A social science (ex. anthropology, psychology, political science)","10,000 or more employees",Data or business analyst;Data scientist or machine learning specialist;DevOps specialist,3-5 years,90000.0,,90000.0
Yes,No,United States,No,Employed full-time,"Bachelor’s degree (BA, BS, B.Eng., etc.)",,20 to 99 employees,Data scientist or machine learning specialist;Educator or academic researcher;System administrator,30 or more years,10000.0,Monthly,120000.0
No,No,United States,"Yes, full-time",Employed part-time,Some college/university study without earning a degree,"Computer science, computer engineering, or software engineering",10 to 19 employees,Back-end developer;Data scientist or machine learning specialist;Student,3-5 years,800.0,Monthly,9600.0
Yes,Yes,United States,No,Employed full-time,Some college/university study without earning a degree,"A natural science (ex. biology, chemistry, physics)",Fewer than 10 employees,Back-end developer;Data or business analyst;Data scientist or machine learning specialist;Designer;DevOps specialist;Front-end developer;Full-stack developer;Mobile developer,6-8 years,85000.0,Yearly,85000.0
No,Yes,United States,No,Employed full-time,"Other doctoral degree (Ph.D, Ed.D., etc.)",Mathematics or statistics,100 to 499 employees,Back-end developer;Data scientist or machine learning specialist;Educator or academic researcher;Full-stack developer;Product manager,24-26 years,170000.0,Yearly,170000.0
Yes,No,United States,No,Employed full-time,"Bachelor’s degree (BA, BS, B.Eng., etc.)","A natural science (ex. biology, chemistry, physics)",10 to 19 employees,Back-end developer;Data or business analyst;Data scientist or machine learning specialist;Database administrator;Full-stack developer;QA or test developer,3-5 years,54000.0,,54000.0
No,Yes,United States,No,Employed full-time,"Bachelor’s degree (BA, BS, B.Eng., etc.)","Computer science, computer engineering, or software engineering","1,000 to 4,999 employees",Back-end developer;Data or business analyst;Data scientist or machine learning specialist;Database administrator;Designer;Desktop or enterprise applications developer;Engineering manager;Front-end developer;Full-stack developer;Marketing or sales professional;Mobile developer;Product manager;QA or test developer;System administrator,30 or more years,125000.0,Yearly,125000.0
Yes,No,United States,No,Employed full-time,"Bachelor’s degree (BA, BS, B.Eng., etc.)","Computer science, computer engineering, or software engineering","10,000 or more employees",Back-end developer;Data or business analyst;Data scientist or machine learning specialist,6-8 years,103000.0,Yearly,103000.0
Yes,Yes,United States,No,Employed part-time,"Master’s degree (MA, MS, M.Eng., MBA, etc.)","A natural science (ex. biology, chemistry, physics)",100 to 499 employees,Back-end developer;Data scientist or machine learning specialist;Database administrator;Designer,30 or more years,161000.0,,161000.0
Yes,Yes,United States,No,Employed full-time,"Master’s degree (MA, MS, M.Eng., MBA, etc.)",Mathematics or statistics,100 to 499 employees,Data or business analyst;Data scientist or machine learning specialist,0-2 years,70000.0,Yearly,70000.0
Yes,No,United States,No,Employed full-time,"Bachelor’s degree (BA, BS, B.Eng., etc.)","Information systems, information technology, or system administration","1,000 to 4,999 employees",Back-end developer;Data or business analyst;Data scientist or machine learning specialist;Database administrator;Product manager;QA or test developer,24-26 years,87000.0,,87000.0
Yes,No,United States,No,Employed full-time,"Bachelor’s degree (BA, BS, B.Eng., etc.)","Computer science, computer engineering, or software engineering",100 to 499 employees,Data scientist or machine learning specialist,6-8 years,60000.0,Yearly,60000.0
Yes,No,United States,No,Employed full-time,"Bachelor’s degree (BA, BS, B.Eng., etc.)","Computer science, computer engineering, or software engineering",20 to 99 employees,Back-end developer;Data scientist or machine learning specialist,6-8 years,70000.0,Yearly,70000.0
Yes,No,United States,No,Employed full-time,"Bachelor’s degree (BA, BS, B.Eng., etc.)","Computer science, computer engineering, or software engineering","10,000 or more employees",Back-end developer;Data scientist or machine learning specialist;Full-stack developer,6-8 years,100000.0,,100000.0
Yes,Yes,United States,No,Employed full-time,"Other doctoral degree (Ph.D, Ed.D., etc.)","A natural science (ex. biology, chemistry, physics)",20 to 99 employees,Data scientist or machine learning specialist,9-11 years,105000.0,Yearly,105000.0
Yes,No,United States,No,Employed full-time,"Bachelor’s degree (BA, BS, B.Eng., etc.)","A natural science (ex. biology, chemistry, physics)","10,000 or more employees",Data scientist or machine learning specialist;Designer;DevOps specialist;Full-stack developer,3-5 years,75000.0,Yearly,75000.0
Yes,No,United States,No,Employed full-time,"Master’s degree (MA, MS, M.Eng., MBA, etc.)",,"10,000 or more employees",Data scientist or machine learning specialist,24-26 years,78000.0,Yearly,78000.0
Yes,No,United States,No,Employed full-time,"Bachelor’s degree (BA, BS, B.Eng., etc.)","Information systems, information technology, or system administration",Fewer than 10 employees,Back-end developer;Data scientist or machine learning specialist;Database administrator;DevOps specialist;Embedded applications or devices developer;Engineering manager;Front-end developer;Full-stack developer,12-14 years,104000.0,Yearly,104000.0
Yes,No,United States,No,Employed full-time,"Bachelor’s degree (BA, BS, B.Eng., etc.)","Information systems, information technology, or system administration","1,000 to 4,999 employees",Back-end developer;Data or business analyst;Data scientist or machine learning specialist;Database administrator;DevOps specialist;Full-stack developer;QA or test developer;System administrator,15-17 years,112000.0,Yearly,112000.0
No,No,United States,No,Employed full-time,"Master’s degree (MA, MS, M.Eng., MBA, etc.)",Mathematics or statistics,"1,000 to 4,999 employees",Back-end developer;Data or business analyst;Data scientist or machine learning specialist;Database administrator;Desktop or enterprise applications developer;DevOps specialist;Front-end developer;Full-stack developer,6-8 years,170000.0,Yearly,170000.0
Yes,No,United States,No,Employed full-time,"Master’s degree (MA, MS, M.Eng., MBA, etc.)","Another engineering discipline (ex. civil, electrical, mechanical)",Fewer than 10 employees,Data scientist or machine learning specialist;Embedded applications or devices developer,6-8 years,65000.0,Yearly,65000.0
Yes,No,United States,No,Employed full-time,"Bachelor’s degree (BA, BS, B.Eng., etc.)","Computer science, computer engineering, or software engineering",100 to 499 employees,Back-end developer;Data scientist or machine learning specialist;Full-stack developer,12-14 years,115000.0,Yearly,115000.0
Yes,Yes,United States,No,Employed full-time,"Master’s degree (MA, MS, M.Eng., MBA, etc.)","Computer science, computer engineering, or software engineering",Fewer than 10 employees,Back-end developer;Data scientist or machine learning specialist;Database administrator;Designer;DevOps specialist;Full-stack developer;QA or test developer;System administrator,9-11 years,90000.0,,90000.0
Yes,Yes,United States,No,Employed full-time,"Master’s degree (MA, MS, M.Eng., MBA, etc.)","A social science (ex. anthropology, psychology, political science)","1,000 to 4,999 employees",Data scientist or machine learning specialist,6-8 years,125000.0,Yearly,125000.0
Yes,Yes,United States,No,Employed full-time,"Other doctoral degree (Ph.D, Ed.D., etc.)","A natural science (ex. biology, chemistry, physics)",20 to 99 employees,Back-end developer;Data scientist or machine learning specialist;DevOps specialist;System administrator,24-26 years,155000.0,Yearly,155000.0
No,No,United States,No,Employed full-time,"Other doctoral degree (Ph.D, Ed.D., etc.)","A natural science (ex. biology, chemistry, physics)",20 to 99 employees,Data scientist or machine learning specialist,6-8 years,120000.0,Yearly,120000.0
Yes,No,United States,No,Employed full-time,"Master’s degree (MA, MS, M.Eng., MBA, etc.)","Another engineering discipline (ex. civil, electrical, mechanical)",100 to 499 employees,Back-end developer;Data scientist or machine learning specialist;DevOps specialist;Front-end developer;Full-stack developer,12-14 years,87000.0,Yearly,87000.0
Yes,No,United States,No,Employed full-time,"Master’s degree (MA, MS, M.Eng., MBA, etc.)","A social science (ex. anthropology, psychology, political science)",100 to 499 employees,Data or business analyst;Data scientist or machine learning specialist,6-8 years,90000.0,Yearly,90000.0
Yes,No,United States,No,Employed full-time,"Bachelor’s degree (BA, BS, B.Eng., etc.)","Computer science, computer engineering, or software engineering","1,000 to 4,999 employees",Back-end developer;Data scientist or machine learning specialist;Full-stack developer;Game or graphics developer,15-17 years,85000.0,Yearly,85000.0
Yes,Yes,United States,"Yes, full-time",Employed part-time,Some college/university study without earning a degree,"Computer science, computer engineering, or software engineering",Fewer than 10 employees,Data or business analyst;Data scientist or machine learning specialist;Educator or academic researcher;Student,6-8 years,1000.0,Monthly,12000.0
No,No,United States,No,Employed full-time,"Master’s degree (MA, MS, M.Eng., MBA, etc.)",Mathematics or statistics,"1,000 to 4,999 employees",Data or business analyst;Data scientist or machine learning specialist,6-8 years,110000.0,Yearly,110000.0
Yes,No,United States,"Yes, part-time",Employed full-time,"Master’s degree (MA, MS, M.Eng., MBA, etc.)",Mathematics or statistics,500 to 999 employees,Data scientist or machine learning specialist;Full-stack developer,12-14 years,140000.0,Yearly,140000.0
Yes,Yes,United States,No,Employed full-time,"Master’s degree (MA, MS, M.Eng., MBA, etc.)","A social science (ex. anthropology, psychology, political science)",100 to 499 employees,Data scientist or machine learning specialist,3-5 years,110000.0,Yearly,110000.0
Yes,No,United States,No,Employed full-time,"Master’s degree (MA, MS, M.Eng., MBA, etc.)",Mathematics or statistics,20 to 99 employees,Data or business analyst;Data scientist or machine learning specialist,6-8 years,103000.0,Yearly,103000.0
Yes,No,United States,No,Employed full-time,"Master’s degree (MA, MS, M.Eng., MBA, etc.)","A business discipline (ex. accounting, finance, marketing)","5,000 to 9,999 employees",Data or business analyst;Data scientist or machine learning specialist,3-5 years,97500.0,Yearly,97500.0
Yes,Yes,United States,No,Employed full-time,,,10 to 19 employees,Back-end developer;Data or business analyst;Data scientist or machine learning specialist;Database administrator;Embedded applications or devices developer;Front-end developer;Full-stack developer;System administrator,3-5 years,86500.0,,86500.0
Yes,Yes,United States,No,Employed full-time,"Master’s degree (MA, MS, M.Eng., MBA, etc.)","Another engineering discipline (ex. civil, electrical, mechanical)",20 to 99 employees,Data or business analyst;Data scientist or machine learning specialist,9-11 years,150000.0,Yearly,150000.0
Yes,Yes,United States,No,Employed full-time,"Master’s degree (MA, MS, M.Eng., MBA, etc.)","A social science (ex. anthropology, psychology, political science)",Fewer than 10 employees,Data scientist or machine learning specialist;Full-stack developer,6-8 years,75500.0,Yearly,75500.0
Yes,Yes,United States,"Yes, part-time",Employed full-time,"Master’s degree (MA, MS, M.Eng., MBA, etc.)","Computer science, computer engineering, or software engineering",100 to 499 employees,Back-end developer;Data or business analyst;Data scientist or machine learning specialist;DevOps specialist;Embedded applications or devices developer;Front-end developer;Full-stack developer,18-20 years,180000.0,Yearly,180000.0
Yes,No,United States,No,Employed full-time,"Master’s degree (MA, MS, M.Eng., MBA, etc.)","Computer science, computer engineering, or software engineering",20 to 99 employees,Back-end developer;Data scientist or machine learning specialist;Desktop or enterprise applications developer;Front-end developer;Full-stack developer;Game or graphics developer,15-17 years,120000.0,,120000.0
Yes,Yes,United States,No,Employed full-time,"Bachelor’s degree (BA, BS, B.Eng., etc.)","Computer science, computer engineering, or software engineering","1,000 to 4,999 employees",Back-end developer;Data scientist or machine learning specialist;Desktop or enterprise applications developer;DevOps specialist;Engineering manager;Full-stack developer,21-23 years,150000.0,,150000.0
No,Yes,United States,No,Employed full-time,"Bachelor’s degree (BA, BS, B.Eng., etc.)","A natural science (ex. biology, chemistry, physics)","10,000 or more employees",Back-end developer;Data scientist or machine learning specialist,9-11 years,195000.0,Yearly,195000.0
No,Yes,United States,No,Employed full-time,"Bachelor’s degree (BA, BS, B.Eng., etc.)","A natural science (ex. biology, chemistry, physics)","1,000 to 4,999 employees",Back-end developer;Data scientist or machine learning specialist,30 or more years,170000.0,Yearly,170000.0
Yes,No,United States,No,Employed full-time,"Master’s degree (MA, MS, M.Eng., MBA, etc.)",Mathematics or statistics,"5,000 to 9,999 employees",Data scientist or machine learning specialist,30 or more years,155000.0,,155000.0
Yes,Yes,United States,No,Employed full-time,"Other doctoral degree (Ph.D, Ed.D., etc.)",Mathematics or statistics,100 to 499 employees,Back-end developer;Data scientist or machine learning specialist;Designer;Front-end developer;Full-stack developer,24-26 years,14326.0,Monthly,171912.0
Yes,No,United States,No,Employed full-time,"Master’s degree (MA, MS, M.Eng., MBA, etc.)","Another engineering discipline (ex. civil, electrical, mechanical)",100 to 499 employees,Data or business analyst;Data scientist or machine learning specialist,6-8 years,120000.0,Yearly,120000.0
No,Yes,United States,No,Employed full-time,"Master’s degree (MA, MS, M.Eng., MBA, etc.)","A business discipline (ex. accounting, finance, marketing)","10,000 or more employees",Data or business analyst;Data scientist or machine learning specialist;Product manager,3-5 years,100000.0,,100000.0
Yes,Yes,United States,No,Employed full-time,Some college/university study without earning a degree,Mathematics or statistics,20 to 99 employees,"C-suite executive (CEO, CTO, etc.);Data scientist or machine learning specialist;Educator or academic researcher;Embedded applications or devices developer;Full-stack developer;Game or graphics developer",30 or more years,450000.0,Yearly,450000.0
Yes,Yes,United States,No,Employed full-time,"Bachelor’s degree (BA, BS, B.Eng., etc.)","Computer science, computer engineering, or software engineering",100 to 499 employees,Back-end developer;Data or business analyst;Data scientist or machine learning specialist;DevOps specialist;Front-end developer;Full-stack developer;Mobile developer;Product manager;QA or test developer,9-11 years,70064.0,,70064.0
Yes,Yes,United States,No,Employed full-time,"Master’s degree (MA, MS, M.Eng., MBA, etc.)","Computer science, computer engineering, or software engineering","10,000 or more employees",Data scientist or machine learning specialist;Desktop or enterprise applications developer;Educator or academic researcher,12-14 years,80000.0,,80000.0
Yes,No,United States,No,Employed full-time,"Master’s degree (MA, MS, M.Eng., MBA, etc.)","A natural science (ex. biology, chemistry, physics)",100 to 499 employees,Back-end developer;Data or business analyst;Data scientist or machine learning specialist,3-5 years,105000.0,,105000.0
Yes,Yes,United States,No,Employed full-time,"Master’s degree (MA, MS, M.Eng., MBA, etc.)",Mathematics or statistics,"10,000 or more employees",Back-end developer;Data or business analyst;Data scientist or machine learning specialist;Database administrator;Desktop or enterprise applications developer,3-5 years,84000.0,,84000.0
Yes,No,United States,No,Employed full-time,"Bachelor’s degree (BA, BS, B.Eng., etc.)",Mathematics or statistics,"10,000 or more employees",Data or business analyst;Data scientist or machine learning specialist;Desktop or enterprise applications developer,3-5 years,180000.0,,180000.0
Yes,Yes,United States,No,Employed full-time,"Other doctoral degree (Ph.D, Ed.D., etc.)","Computer science, computer engineering, or software engineering","1,000 to 4,999 employees",Data scientist or machine learning specialist;Educator or academic researcher,12-14 years,130000.0,Yearly,130000.0
Yes,Yes,United States,No,Employed full-time,Some college/university study without earning a degree,"A business discipline (ex. accounting, finance, marketing)","1,000 to 4,999 employees",Back-end developer;Data or business analyst;Data scientist or machine learning specialist;Front-end developer;Full-stack developer;Mobile developer,24-26 years,110000.0,,110000.0
Yes,Yes,United States,No,Employed full-time,"Other doctoral degree (Ph.D, Ed.D., etc.)","A social science (ex. anthropology, psychology, political science)",100 to 499 employees,Data scientist or machine learning specialist,6-8 years,84000.0,Yearly,84000.0
Yes,No,United States,No,Employed full-time,"Bachelor’s degree (BA, BS, B.Eng., etc.)","Computer science, computer engineering, or software engineering",100 to 499 employees,Back-end developer;Data or business analyst;Data scientist or machine learning specialist;Database administrator;Designer;DevOps specialist;Front-end developer;Full-stack developer;QA or test developer;System administrator,9-11 years,130000.0,Yearly,130000.0
Yes,No,United States,"Yes, part-time",Employed full-time,"Master’s degree (MA, MS, M.Eng., MBA, etc.)","Computer science, computer engineering, or software engineering",500 to 999 employees,Data scientist or machine learning specialist;Engineering manager;Student,30 or more years,186000.0,,186000.0
Yes,No,United States,"Yes, part-time",Employed full-time,"Bachelor’s degree (BA, BS, B.Eng., etc.)","Computer science, computer engineering, or software engineering","10,000 or more employees",Back-end developer;Data scientist or machine learning specialist;Student,6-8 years,136000.0,Yearly,136000.0
Yes,No,United States,No,Employed full-time,"Other doctoral degree (Ph.D, Ed.D., etc.)","A natural science (ex. biology, chemistry, physics)",20 to 99 employees,Data scientist or machine learning specialist;Full-stack developer,18-20 years,105475.0,,105475.0
Yes,Yes,United States,"Yes, full-time",Employed full-time,"Master’s degree (MA, MS, M.Eng., MBA, etc.)","Computer science, computer engineering, or software engineering",100 to 499 employees,Data scientist or machine learning specialist;Full-stack developer;Student,6-8 years,50000.0,Yearly,50000.0
Yes,No,United States,No,Employed full-time,"Other doctoral degree (Ph.D, Ed.D., etc.)",Mathematics or statistics,"10,000 or more employees",Data scientist or machine learning specialist;Educator or academic researcher,9-11 years,145000.0,Yearly,145000.0
Yes,No,United States,No,Employed full-time,"Master’s degree (MA, MS, M.Eng., MBA, etc.)","Computer science, computer engineering, or software engineering",100 to 499 employees,Back-end developer;Data scientist or machine learning specialist;DevOps specialist;Full-stack developer,9-11 years,120000.0,Yearly,120000.0
Yes,Yes,United States,No,Employed full-time,"Bachelor’s degree (BA, BS, B.Eng., etc.)","Computer science, computer engineering, or software engineering",Fewer than 10 employees,Data scientist or machine learning specialist;Front-end developer,6-8 years,85000.0,Yearly,85000.0
Yes,No,United States,No,Employed full-time,"Master’s degree (MA, MS, M.Eng., MBA, etc.)","Another engineering discipline (ex. civil, electrical, mechanical)",Fewer than 10 employees,"Back-end developer;C-suite executive (CEO, CTO, etc.);Data scientist or machine learning specialist;System administrator",18-20 years,150000.0,Yearly,150000.0
Yes,No,United States,No,Employed full-time,"Bachelor’s degree (BA, BS, B.Eng., etc.)","Another engineering discipline (ex. civil, electrical, mechanical)","10,000 or more employees",Back-end developer;Data or business analyst;Data scientist or machine learning specialist,3-5 years,75000.0,Yearly,75000.0
Yes,No,United States,No,Employed full-time,"Master’s degree (MA, MS, M.Eng., MBA, etc.)","Computer science, computer engineering, or software engineering","10,000 or more employees",Back-end developer;Data scientist or machine learning specialist;Front-end developer;Full-stack developer,6-8 years,200000.0,Yearly,200000.0
No,No,United States,No,Employed full-time,"Other doctoral degree (Ph.D, Ed.D., etc.)","A natural science (ex. biology, chemistry, physics)","10,000 or more employees",Back-end developer;Data or business analyst;Data scientist or machine learning specialist,9-11 years,135000.0,Yearly,135000.0
Yes,Yes,United States,No,Employed full-time,"Master’s degree (MA, MS, M.Eng., MBA, etc.)","Computer science, computer engineering, or software engineering",10 to 19 employees,Back-end developer;Data scientist or machine learning specialist;Embedded applications or devices developer,9-11 years,70000.0,Yearly,70000.0
Yes,No,United States,No,Employed full-time,"Master’s degree (MA, MS, M.Eng., MBA, etc.)","Computer science, computer engineering, or software engineering",20 to 99 employees,Data scientist or machine learning specialist,15-17 years,150000.0,Yearly,150000.0
Yes,Yes,United States,No,Employed full-time,"Other doctoral degree (Ph.D, Ed.D., etc.)","A natural science (ex. biology, chemistry, physics)",20 to 99 employees,Back-end developer;Data scientist or machine learning specialist;Educator or academic researcher;Full-stack developer;System administrator,15-17 years,100000.0,Yearly,100000.0
Yes,Yes,United States,No,Employed full-time,"Bachelor’s degree (BA, BS, B.Eng., etc.)","Computer science, computer engineering, or software engineering",500 to 999 employees,Back-end developer;Data scientist or machine learning specialist;DevOps specialist;Embedded applications or devices developer;Full-stack developer;System administrator,9-11 years,85000.0,Yearly,85000.0
Yes,Yes,United States,No,Employed full-time,"Master’s degree (MA, MS, M.Eng., MBA, etc.)","A business discipline (ex. accounting, finance, marketing)","5,000 to 9,999 employees","Back-end developer;C-suite executive (CEO, CTO, etc.);Data or business analyst;Data scientist or machine learning specialist;Database administrator;DevOps specialist;Engineering manager;Front-end developer;Full-stack developer;Product manager;QA or test developer;System administrator",21-23 years,305000.0,Yearly,305000.0
Yes,Yes,United States,No,Employed full-time,Associate degree,I never declared a major,"5,000 to 9,999 employees",Back-end developer;Data or business analyst;Data scientist or machine learning specialist;Designer;Desktop or enterprise applications developer;DevOps specialist;Front-end developer;Full-stack developer;Product manager;QA or test developer;System administrator,15-17 years,96000.0,Yearly,96000.0
Yes,No,United States,No,Employed full-time,"Master’s degree (MA, MS, M.Eng., MBA, etc.)","A business discipline (ex. accounting, finance, marketing)",100 to 499 employees,Data or business analyst;Data scientist or machine learning specialist;Front-end developer,3-5 years,58000.0,Yearly,58000.0
Yes,Yes,United States,No,Employed full-time,Some college/university study without earning a degree,,20 to 99 employees,Data scientist or machine learning specialist;Front-end developer,15-17 years,125000.0,Yearly,125000.0
Yes,Yes,United States,"Yes, full-time",Employed part-time,Some college/university study without earning a degree,"Computer science, computer engineering, or software engineering",Fewer than 10 employees,Data scientist or machine learning specialist;Designer;Desktop or enterprise applications developer;Student,6-8 years,19000.0,Weekly,950000.0
Yes,No,United States,No,Employed full-time,"Bachelor’s degree (BA, BS, B.Eng., etc.)","Computer science, computer engineering, or software engineering","10,000 or more employees",Data scientist or machine learning specialist;Desktop or enterprise applications developer,15-17 years,162000.0,Yearly,162000.0
Yes,Yes,United States,No,Employed full-time,"Master’s degree (MA, MS, M.Eng., MBA, etc.)","A social science (ex. anthropology, psychology, political science)","10,000 or more employees",Data scientist or machine learning specialist,3-5 years,146000.0,Yearly,146000.0
Yes,No,United States,No,Employed full-time,"Master’s degree (MA, MS, M.Eng., MBA, etc.)","A social science (ex. anthropology, psychology, political science)","1,000 to 4,999 employees",Data scientist or machine learning specialist,3-5 years,100000.0,,100000.0
Yes,Yes,United States,No,Employed full-time,"Master’s degree (MA, MS, M.Eng., MBA, etc.)","Computer science, computer engineering, or software engineering",100 to 499 employees,Data scientist or machine learning specialist;Designer;Front-end developer,15-17 years,80000.0,,80000.0
Yes,Yes,United States,No,Employed full-time,"Bachelor’s degree (BA, BS, B.Eng., etc.)","Another engineering discipline (ex. civil, electrical, mechanical)",100 to 499 employees,Data scientist or machine learning specialist,6-8 years,94500.0,,94500.0
Yes,Yes,United States,No,Employed full-time,"Bachelor’s degree (BA, BS, B.Eng., etc.)","Another engineering discipline (ex. civil, electrical, mechanical)","10,000 or more employees",Data or business analyst;Data scientist or machine learning specialist,9-11 years,240000.0,,240000.0
Yes,Yes,United States,No,Employed part-time,"Master’s degree (MA, MS, M.Eng., MBA, etc.)","A natural science (ex. biology, chemistry, physics)","1,000 to 4,999 employees",Data or business analyst;Data scientist or machine learning specialist,9-11 years,61000.0,,61000.0
Yes,No,United States,"Yes, part-time",Employed full-time,"Master’s degree (MA, MS, M.Eng., MBA, etc.)","Computer science, computer engineering, or software engineering",100 to 499 employees,Data scientist or machine learning specialist;Educator or academic researcher;Front-end developer;QA or test developer;Student,6-8 years,81000.0,,81000.0
Yes,No,United States,No,Employed full-time,"Bachelor’s degree (BA, BS, B.Eng., etc.)","Computer science, computer engineering, or software engineering","10,000 or more employees",Data scientist or machine learning specialist;Engineering manager,18-20 years,194000.0,Yearly,194000.0
No,No,United States,No,Employed full-time,"Bachelor’s degree (BA, BS, B.Eng., etc.)","Another engineering discipline (ex. civil, electrical, mechanical)","1,000 to 4,999 employees",Data scientist or machine learning specialist,3-5 years,105000.0,Yearly,105000.0
Yes,Yes,United States,No,Employed full-time,"Bachelor’s degree (BA, BS, B.Eng., etc.)","Computer science, computer engineering, or software engineering",500 to 999 employees,Back-end developer;Data scientist or machine learning specialist;DevOps specialist;QA or test developer,12-14 years,72000.0,Yearly,72000.0
Yes,No,United States,No,Employed full-time,"Master’s degree (MA, MS, M.Eng., MBA, etc.)","Computer science, computer engineering, or software engineering",20 to 99 employees,Data or business analyst;Data scientist or machine learning specialist;Full-stack developer,12-14 years,150000.0,Yearly,150000.0
Yes,Yes,United States,No,Employed full-time,"Bachelor’s degree (BA, BS, B.Eng., etc.)","Another engineering discipline (ex. civil, electrical, mechanical)","10,000 or more employees",Back-end developer;Data scientist or machine learning specialist;Database administrator;Designer;Embedded applications or devices developer;Front-end developer;Full-stack developer;Game or graphics developer;QA or test developer;System administrator,15-17 years,130000.0,Yearly,130000.0
Yes,No,United States,No,Employed full-time,"Bachelor’s degree (BA, BS, B.Eng., etc.)","Computer science, computer engineering, or software engineering","10,000 or more employees",Back-end developer;Data or business analyst;Data scientist or machine learning specialist;Database administrator,9-11 years,90000.0,Yearly,90000.0
Yes,Yes,United States,No,Employed full-time,"Other doctoral degree (Ph.D, Ed.D., etc.)","Computer science, computer engineering, or software engineering",500 to 999 employees,Data scientist or machine learning specialist,30 or more years,75000.0,,75000.0
Yes,Yes,United States,No,Employed full-time,"Master’s degree (MA, MS, M.Eng., MBA, etc.)","A social science (ex. anthropology, psychology, political science)",20 to 99 employees,Back-end developer;Data scientist or machine learning specialist;Full-stack developer,3-5 years,105000.0,Yearly,105000.0
No,No,United States,No,Employed full-time,Some college/university study without earning a degree,"A natural science (ex. biology, chemistry, physics)","1,000 to 4,999 employees",Data scientist or machine learning specialist,3-5 years,154000.0,Yearly,154000.0
Yes,Yes,United States,"Yes, full-time",Employed part-time,"Master’s degree (MA, MS, M.Eng., MBA, etc.)","Another engineering discipline (ex. civil, electrical, mechanical)","1,000 to 4,999 employees",Data scientist or machine learning specialist;Educator or academic researcher;Student,3-5 years,17500.0,Yearly,17500.0
No,Yes,United States,No,Employed full-time,"Master’s degree (MA, MS, M.Eng., MBA, etc.)","A natural science (ex. biology, chemistry, physics)","10,000 or more employees",Back-end developer;Data scientist or machine learning specialist;Mobile developer,30 or more years,205000.0,,205000.0
Yes,No,United States,No,Employed full-time,"Bachelor’s degree (BA, BS, B.Eng., etc.)","Another engineering discipline (ex. civil, electrical, mechanical)","5,000 to 9,999 employees",Back-end developer;Data or business analyst;Data scientist or machine learning specialist;Embedded applications or devices developer;Engineering manager;Full-stack developer;Product manager,3-5 years,4100.0,Monthly,49200.0
Yes,Yes,United States,No,Employed full-time,"Bachelor’s degree (BA, BS, B.Eng., etc.)","A social science (ex. anthropology, psychology, political science)","10,000 or more employees",Data or business analyst;Data scientist or machine learning specialist,3-5 years,75000.0,,75000.0
Yes,No,United States,No,Employed full-time,Some college/university study without earning a degree,"Computer science, computer engineering, or software engineering",100 to 499 employees,Back-end developer;Data or business analyst;Data scientist or machine learning specialist;Desktop or enterprise applications developer;Full-stack developer,30 or more years,115000.0,Yearly,115000.0
Yes,Yes,United States,No,Employed full-time,"Other doctoral degree (Ph.D, Ed.D., etc.)","A natural science (ex. biology, chemistry, physics)","1,000 to 4,999 employees",Data scientist or machine learning specialist,9-11 years,85000.0,Yearly,85000.0
Yes,Yes,United States,No,Employed full-time,"Bachelor’s degree (BA, BS, B.Eng., etc.)","Computer science, computer engineering, or software engineering",20 to 99 employees,Data or business analyst;Data scientist or machine learning specialist;Database administrator;Desktop or enterprise applications developer;Engineering manager,9-11 years,80000.0,Weekly,2000000.0
No,Yes,United States,No,Employed full-time,"Bachelor’s degree (BA, BS, B.Eng., etc.)","A social science (ex. anthropology, psychology, political science)",500 to 999 employees,Data scientist or machine learning specialist,9-11 years,116000.0,Yearly,116000.0
Yes,No,United States,No,Employed full-time,"Bachelor’s degree (BA, BS, B.Eng., etc.)","Computer science, computer engineering, or software engineering",100 to 499 employees,Data scientist or machine learning specialist;DevOps specialist,6-8 years,85000.0,Yearly,85000.0
No,Yes,United States,"Yes, full-time",Employed part-time,"Master’s degree (MA, MS, M.Eng., MBA, etc.)","Computer science, computer engineering, or software engineering","5,000 to 9,999 employees",Data scientist or machine learning specialist,12-14 years,35000.0,,35000.0
Yes,Yes,United States,No,Employed full-time,"Bachelor’s degree (BA, BS, B.Eng., etc.)","Computer science, computer engineering, or software engineering",20 to 99 employees,Back-end developer;Data scientist or machine learning specialist;DevOps specialist;Engineering manager;Front-end developer;Full-stack developer;Product manager;QA or test developer,18-20 years,195000.0,Yearly,195000.0
Yes,Yes,United States,No,Employed full-time,"Other doctoral degree (Ph.D, Ed.D., etc.)",Mathematics or statistics,"10,000 or more employees",Data scientist or machine learning specialist,6-8 years,120524.0,Yearly,120524.0
No,No,United States,No,Employed full-time,"Bachelor’s degree (BA, BS, B.Eng., etc.)",Mathematics or statistics,"1,000 to 4,999 employees",Back-end developer;Data scientist or machine learning specialist;Engineering manager,6-8 years,120000.0,,120000.0
Yes,Yes,United States,No,Employed full-time,"Other doctoral degree (Ph.D, Ed.D., etc.)","A natural science (ex. biology, chemistry, physics)","10,000 or more employees",Data scientist or machine learning specialist;Desktop or enterprise applications developer;Educator or academic researcher;Product manager,18-20 years,100000.0,Yearly,100000.0
Yes,No,United States,No,Employed full-time,"Bachelor’s degree (BA, BS, B.Eng., etc.)","A natural science (ex. biology, chemistry, physics)",100 to 499 employees,Back-end developer;Data scientist or machine learning specialist;Engineering manager,30 or more years,177000.0,,177000.0
Yes,No,United States,No,Employed full-time,"Other doctoral degree (Ph.D, Ed.D., etc.)","Computer science, computer engineering, or software engineering",Fewer than 10 employees,"Back-end developer;C-suite executive (CEO, CTO, etc.);Data scientist or machine learning specialist;Database administrator;Desktop or enterprise applications developer;Front-end developer;Full-stack developer;System administrator",30 or more years,120000.0,Yearly,120000.0
Yes,Yes,United States,No,Employed full-time,"Bachelor’s degree (BA, BS, B.Eng., etc.)","Computer science, computer engineering, or software engineering",100 to 499 employees,Data scientist or machine learning specialist;Desktop or enterprise applications developer;Game or graphics developer,18-20 years,135441.0,Yearly,135441.0
Yes,Yes,United States,"Yes, full-time",Employed full-time,"Other doctoral degree (Ph.D, Ed.D., etc.)","Another engineering discipline (ex. civil, electrical, mechanical)",Fewer than 10 employees,Data scientist or machine learning specialist;Educator or academic researcher;Embedded applications or devices developer;Student,3-5 years,2200.0,Monthly,26400.0
No,No,United States,No,Employed full-time,"Bachelor’s degree (BA, BS, B.Eng., etc.)","A social science (ex. anthropology, psychology, political science)","10,000 or more employees",Data or business analyst;Data scientist or machine learning specialist,3-5 years,80000.0,,80000.0
Yes,No,United States,No,Employed full-time,"Master’s degree (MA, MS, M.Eng., MBA, etc.)","A business discipline (ex. accounting, finance, marketing)","1,000 to 4,999 employees",Data scientist or machine learning specialist,12-14 years,92000.0,Yearly,92000.0
Yes,No,United States,No,Employed full-time,"Bachelor’s degree (BA, BS, B.Eng., etc.)","Computer science, computer engineering, or software engineering",20 to 99 employees,Back-end developer;Data scientist or machine learning specialist;Designer;Front-end developer;Full-stack developer,6-8 years,70000.0,,70000.0
No,No,United States,No,Employed full-time,"Other doctoral degree (Ph.D, Ed.D., etc.)","A social science (ex. anthropology, psychology, political science)",500 to 999 employees,Data or business analyst;Data scientist or machine learning specialist,6-8 years,115000.0,Yearly,115000.0
Yes,Yes,United States,"Yes, full-time",Employed part-time,"Secondary school (e.g. American high school, German Realschule or Gymnasium, etc.)",,"1,000 to 4,999 employees",Data scientist or machine learning specialist;Student,3-5 years,800.0,Monthly,9600.0
Yes,Yes,United States,No,Employed full-time,"Master’s degree (MA, MS, M.Eng., MBA, etc.)",Mathematics or statistics,"5,000 to 9,999 employees",Back-end developer;Data or business analyst;Data scientist or machine learning specialist;Database administrator,3-5 years,80000.0,Yearly,80000.0
Yes,Yes,United States,No,Employed full-time,Some college/university study without earning a degree,"Computer science, computer engineering, or software engineering",500 to 999 employees,Back-end developer;Data scientist or machine learning specialist;Engineering manager;Full-stack developer;Game or graphics developer;Mobile developer,21-23 years,135000.0,,135000.0
Yes,No,United States,No,Employed full-time,"Bachelor’s degree (BA, BS, B.Eng., etc.)","Fine arts or performing arts (ex. graphic design, music, studio art)","5,000 to 9,999 employees",Data scientist or machine learning specialist;Database administrator;Desktop or enterprise applications developer;Full-stack developer;System administrator,30 or more years,125000.0,Yearly,125000.0
Yes,Yes,United States,"Yes, part-time",Employed full-time,Some college/university study without earning a degree,"A business discipline (ex. accounting, finance, marketing)",100 to 499 employees,Data or business analyst;Data scientist or machine learning specialist,0-2 years,30000.0,Monthly,360000.0
Yes,Yes,United States,No,Employed full-time,"Master’s degree (MA, MS, M.Eng., MBA, etc.)","Another engineering discipline (ex. civil, electrical, mechanical)","10,000 or more employees",Data or business analyst;Data scientist or machine learning specialist;Educator or academic researcher,21-23 years,175000.0,Yearly,175000.0
Yes,Yes,United States,"Yes, part-time",Employed full-time,"Bachelor’s degree (BA, BS, B.Eng., etc.)","Computer science, computer engineering, or software engineering",100 to 499 employees,Back-end developer;Data scientist or machine learning specialist;Database administrator;DevOps specialist;Front-end developer;Full-stack developer;Student,15-17 years,95000.0,,95000.0
Yes,No,United States,No,Employed full-time,"Bachelor’s degree (BA, BS, B.Eng., etc.)","Computer science, computer engineering, or software engineering","1,000 to 4,999 employees",Back-end developer;Data scientist or machine learning specialist;Desktop or enterprise applications developer;Front-end developer;Full-stack developer,12-14 years,63000.0,Yearly,63000.0
Yes,Yes,United States,"Yes, full-time",Employed part-time,Some college/university study without earning a degree,"Computer science, computer engineering, or software engineering",20 to 99 employees,Back-end developer;Data scientist or machine learning specialist;Database administrator;Full-stack developer;System administrator,3-5 years,1000.0,Monthly,12000.0
Yes,No,United States,No,Employed full-time,"Bachelor’s degree (BA, BS, B.Eng., etc.)","A natural science (ex. biology, chemistry, physics)",100 to 499 employees,Back-end developer;Data scientist or machine learning specialist,3-5 years,79000.0,Yearly,79000.0
Yes,Yes,United States,No,Employed full-time,"Bachelor’s degree (BA, BS, B.Eng., etc.)","A social science (ex. anthropology, psychology, political science)","10,000 or more employees",Back-end developer;Data scientist or machine learning specialist;Desktop or enterprise applications developer;Front-end developer;Full-stack developer,6-8 years,65000.0,Yearly,65000.0
Yes,Yes,United States,No,Employed full-time,"Bachelor’s degree (BA, BS, B.Eng., etc.)","A natural science (ex. biology, chemistry, physics)",20 to 99 employees,Data or business analyst;Data scientist or machine learning specialist;Desktop or enterprise applications developer,18-20 years,125000.0,,125000.0
Yes,Yes,United States,No,Employed full-time,"Master’s degree (MA, MS, M.Eng., MBA, etc.)",,100 to 499 employees,Back-end developer;Data or business analyst;Data scientist or machine learning specialist;DevOps specialist;Full-stack developer,21-23 years,280000.0,Yearly,280000.0
Yes,No,United States,No,Employed full-time,"Master’s degree (MA, MS, M.Eng., MBA, etc.)",Mathematics or statistics,Fewer than 10 employees,Data scientist or machine learning specialist,6-8 years,90000.0,Yearly,90000.0
No,No,United States,"Yes, part-time",Employed full-time,"Master’s degree (MA, MS, M.Eng., MBA, etc.)","Computer science, computer engineering, or software engineering",20 to 99 employees,Data scientist or machine learning specialist;Designer;Embedded applications or devices developer;Engineering manager,9-11 years,81000.0,Yearly,81000.0
Yes,Yes,United States,No,Employed full-time,"Master’s degree (MA, MS, M.Eng., MBA, etc.)","Computer science, computer engineering, or software engineering","10,000 or more employees",Back-end developer;Data scientist or machine learning specialist,6-8 years,140000.0,Yearly,140000.0
Yes,No,United States,No,Employed full-time,"Other doctoral degree (Ph.D, Ed.D., etc.)","A social science (ex. anthropology, psychology, political science)",100 to 499 employees,Data scientist or machine learning specialist,24-26 years,110000.0,Yearly,110000.0
Yes,No,United States,No,Employed full-time,"Master’s degree (MA, MS, M.Eng., MBA, etc.)","Fine arts or performing arts (ex. graphic design, music, studio art)",100 to 499 employees,Data scientist or machine learning specialist;Database administrator;DevOps specialist,3-5 years,103500.0,,103500.0
Yes,Yes,United States,"Yes, full-time",Employed part-time,"Master’s degree (MA, MS, M.Eng., MBA, etc.)","Computer science, computer engineering, or software engineering",Fewer than 10 employees,Data scientist or machine learning specialist,3-5 years,2600.0,Monthly,31200.0
Yes,No,United States,No,Employed full-time,"Bachelor’s degree (BA, BS, B.Eng., etc.)","Information systems, information technology, or system administration",20 to 99 employees,Back-end developer;Data or business analyst;Data scientist or machine learning specialist;Database administrator;Desktop or enterprise applications developer;Full-stack developer;Mobile developer;System administrator,18-20 years,80000.0,Yearly,80000.0
Yes,No,United States,No,Employed full-time,"Master’s degree (MA, MS, M.Eng., MBA, etc.)","A natural science (ex. biology, chemistry, physics)","10,000 or more employees",Data or business analyst;Data scientist or machine learning specialist,3-5 years,73000.0,Yearly,73000.0
Yes,Yes,United States,No,Employed full-time,"Master’s degree (MA, MS, M.Eng., MBA, etc.)","Computer science, computer engineering, or software engineering","10,000 or more employees",Data scientist or machine learning specialist,9-11 years,120000.0,Yearly,120000.0
Yes,Yes,United States,No,Employed full-time,"Master’s degree (MA, MS, M.Eng., MBA, etc.)","Computer science, computer engineering, or software engineering",100 to 499 employees,Back-end developer;Data scientist or machine learning specialist;DevOps specialist,6-8 years,120000.0,Yearly,120000.0
No,No,United States,No,Employed full-time,"Other doctoral degree (Ph.D, Ed.D., etc.)","Another engineering discipline (ex. civil, electrical, mechanical)",20 to 99 employees,Back-end developer;Data or business analyst;Data scientist or machine learning specialist;Product manager,3-5 years,135000.0,,135000.0
No,No,United States,"Yes, part-time",Employed full-time,"Master’s degree (MA, MS, M.Eng., MBA, etc.)","Computer science, computer engineering, or software engineering","5,000 to 9,999 employees",Data scientist or machine learning specialist,18-20 years,160000.0,Yearly,160000.0
Yes,No,United States,No,Employed full-time,"Bachelor’s degree (BA, BS, B.Eng., etc.)","A natural science (ex. biology, chemistry, physics)",20 to 99 employees,Back-end developer;Data scientist or machine learning specialist;Front-end developer;Full-stack developer,6-8 years,135000.0,Yearly,135000.0
No,Yes,United States,No,Employed full-time,"Master’s degree (MA, MS, M.Eng., MBA, etc.)","A social science (ex. anthropology, psychology, political science)","10,000 or more employees",Back-end developer;Data or business analyst;Data scientist or machine learning specialist,9-11 years,160000.0,Yearly,160000.0
Yes,Yes,United States,No,Employed full-time,"Master’s degree (MA, MS, M.Eng., MBA, etc.)","A natural science (ex. biology, chemistry, physics)",20 to 99 employees,Data or business analyst;Data scientist or machine learning specialist;Educator or academic researcher,0-2 years,65000.0,,65000.0
Yes,Yes,United States,No,Employed full-time,"Bachelor’s degree (BA, BS, B.Eng., etc.)",,10 to 19 employees,Back-end developer;Data or business analyst;Data scientist or machine learning specialist,15-17 years,167000.0,Yearly,167000.0
Yes,Yes,United States,No,Employed full-time,"Master’s degree (MA, MS, M.Eng., MBA, etc.)","A humanities discipline (ex. literature, history, philosophy)",20 to 99 employees,Data scientist or machine learning specialist;Full-stack developer,15-17 years,152740.0,Yearly,152740.0
Yes,Yes,United States,"Yes, part-time",Employed full-time,"Bachelor’s degree (BA, BS, B.Eng., etc.)","A social science (ex. anthropology, psychology, political science)","10,000 or more employees","Back-end developer;C-suite executive (CEO, CTO, etc.);Data or business analyst;Data scientist or machine learning specialist;Database administrator;DevOps specialist;Educator or academic researcher;Embedded applications or devices developer;Engineering manager;Full-stack developer;Mobile developer;Product manager;QA or test developer;Student;System administrator",12-14 years,207000.0,,207000.0
Yes,Yes,United States,No,Employed full-time,"Other doctoral degree (Ph.D, Ed.D., etc.)","Another engineering discipline (ex. civil, electrical, mechanical)",Fewer than 10 employees,"C-suite executive (CEO, CTO, etc.);Data scientist or machine learning specialist;Embedded applications or devices developer;Mobile developer",27-29 years,85000.0,,85000.0
Yes,Yes,United States,No,Employed full-time,"Other doctoral degree (Ph.D, Ed.D., etc.)",Mathematics or statistics,20 to 99 employees,Data scientist or machine learning specialist;DevOps specialist;Educator or academic researcher,15-17 years,88000.0,,88000.0
Yes,Yes,United States,No,Employed full-time,"Master’s degree (MA, MS, M.Eng., MBA, etc.)","Computer science, computer engineering, or software engineering","10,000 or more employees",Back-end developer;Data scientist or machine learning specialist;Full-stack developer,6-8 years,120000.0,Yearly,120000.0
Yes,Yes,United States,No,Employed full-time,"Master’s degree (MA, MS, M.Eng., MBA, etc.)","Another engineering discipline (ex. civil, electrical, mechanical)","5,000 to 9,999 employees",Back-end developer;Data or business analyst;Data scientist or machine learning specialist;Database administrator;Desktop or enterprise applications developer;Front-end developer;Full-stack developer,6-8 years,80000.0,Yearly,80000.0
Yes,Yes,United States,No,Employed full-time,"Bachelor’s degree (BA, BS, B.Eng., etc.)","Computer science, computer engineering, or software engineering","1,000 to 4,999 employees",Back-end developer;Data scientist or machine learning specialist;Desktop or enterprise applications developer;Engineering manager;Full-stack developer;System administrator,9-11 years,81000.0,Yearly,81000.0
Yes,Yes,United States,No,Employed full-time,"Bachelor’s degree (BA, BS, B.Eng., etc.)","Computer science, computer engineering, or software engineering",100 to 499 employees,Back-end developer;Data scientist or machine learning specialist;DevOps specialist;Full-stack developer,21-23 years,160000.0,,160000.0
Yes,Yes,United States,No,Employed full-time,"Master’s degree (MA, MS, M.Eng., MBA, etc.)","A social science (ex. anthropology, psychology, political science)",20 to 99 employees,Back-end developer;Data or business analyst;Data scientist or machine learning specialist;Educator or academic researcher,3-5 years,70000.0,,70000.0
Yes,Yes,United States,No,Employed full-time,"Other doctoral degree (Ph.D, Ed.D., etc.)","A social science (ex. anthropology, psychology, political science)","5,000 to 9,999 employees",Data or business analyst;Data scientist or machine learning specialist;Designer,24-26 years,90000.0,Yearly,90000.0
Yes,Yes,United States,No,Employed full-time,"Other doctoral degree (Ph.D, Ed.D., etc.)","A natural science (ex. biology, chemistry, physics)",500 to 999 employees,Data scientist or machine learning specialist,6-8 years,140000.0,Yearly,140000.0
Yes,Yes,United States,No,Employed full-time,"Bachelor’s degree (BA, BS, B.Eng., etc.)","A natural science (ex. biology, chemistry, physics)",100 to 499 employees,Back-end developer;Data scientist or machine learning specialist,3-5 years,90000.0,Yearly,90000.0
Yes,Yes,United States,No,Employed full-time,"Bachelor’s degree (BA, BS, B.Eng., etc.)","Computer science, computer engineering, or software engineering",10 to 19 employees,Back-end developer;Data scientist or machine learning specialist;DevOps specialist,15-17 years,225000.0,Yearly,225000.0
Yes,No,United States,"Yes, part-time",Employed full-time,Some college/university study without earning a degree,"Computer science, computer engineering, or software engineering","5,000 to 9,999 employees",Data or business analyst;Data scientist or machine learning specialist,9-11 years,70000.0,Yearly,70000.0
Yes,Yes,United States,"Yes, part-time",Employed full-time,"Bachelor’s degree (BA, BS, B.Eng., etc.)","Computer science, computer engineering, or software engineering",20 to 99 employees,Back-end developer;Data scientist or machine learning specialist;Desktop or enterprise applications developer;Front-end developer;Full-stack developer;Student;System administrator,12-14 years,63000.0,Yearly,63000.0
Yes,No,United States,No,Employed full-time,"Master’s degree (MA, MS, M.Eng., MBA, etc.)","Computer science, computer engineering, or software engineering",20 to 99 employees,Data or business analyst;Data scientist or machine learning specialist;Full-stack developer,6-8 years,70000.0,,70000.0
No,Yes,United States,No,Employed full-time,"Master’s degree (MA, MS, M.Eng., MBA, etc.)","Computer science, computer engineering, or software engineering",20 to 99 employees,Back-end developer;Data scientist or machine learning specialist;DevOps specialist,6-8 years,97000.0,Yearly,97000.0
Yes,No,United States,"Yes, part-time",Employed full-time,"Bachelor’s degree (BA, BS, B.Eng., etc.)",Mathematics or statistics,"10,000 or more employees",Back-end developer;Data scientist or machine learning specialist;Designer;Engineering manager;Student,30 or more years,11000.0,Monthly,132000.0
Yes,Yes,United States,"Yes, full-time",Employed full-time,Some college/university study without earning a degree,"Computer science, computer engineering, or software engineering",Fewer than 10 employees,Back-end developer;Data scientist or machine learning specialist;Full-stack developer;Student,3-5 years,0.2,Weekly,119050.0
Yes,No,United States,No,Employed full-time,"Bachelor’s degree (BA, BS, B.Eng., etc.)","A business discipline (ex. accounting, finance, marketing)",20 to 99 employees,Data or business analyst;Data scientist or machine learning specialist;Marketing or sales professional,0-2 years,50000.0,Yearly,50000.0
Yes,Yes,United States,No,Employed full-time,Some college/university study without earning a degree,"Information systems, information technology, or system administration","10,000 or more employees",Back-end developer;Data scientist or machine learning specialist;DevOps specialist;Full-stack developer;System administrator,9-11 years,115000.0,Yearly,115000.0
Yes,Yes,United States,"Yes, part-time",Employed full-time,Some college/university study without earning a degree,"A natural science (ex. biology, chemistry, physics)",20 to 99 employees,Back-end developer;Data scientist or machine learning specialist;Desktop or enterprise applications developer,3-5 years,55000.0,Monthly,660000.0
Yes,No,United States,No,Employed full-time,"Other doctoral degree (Ph.D, Ed.D., etc.)",Mathematics or statistics,"10,000 or more employees",Data scientist or machine learning specialist,6-8 years,127000.0,,127000.0
No,No,United States,No,Employed full-time,"Other doctoral degree (Ph.D, Ed.D., etc.)","A natural science (ex. biology, chemistry, physics)",100 to 499 employees,Data scientist or machine learning specialist;Desktop or enterprise applications developer,15-17 years,85000.0,,85000.0
Yes,Yes,United States,"Yes, part-time",Employed full-time,"Master’s degree (MA, MS, M.Eng., MBA, etc.)","A natural science (ex. biology, chemistry, physics)","10,000 or more employees",Back-end developer;Data scientist or machine learning specialist,30 or more years,182500.0,Yearly,182500.0
Yes,No,United States,No,Employed full-time,"Other doctoral degree (Ph.D, Ed.D., etc.)",Mathematics or statistics,10 to 19 employees,Data or business analyst;Data scientist or machine learning specialist;Embedded applications or devices developer,24-26 years,150000.0,Yearly,150000.0
Yes,Yes,United States,No,Employed full-time,"Bachelor’s degree (BA, BS, B.Eng., etc.)","Computer science, computer engineering, or software engineering",20 to 99 employees,Back-end developer;Data scientist or machine learning specialist,18-20 years,145000.0,,145000.0
No,Yes,United States,No,Employed full-time,"Bachelor’s degree (BA, BS, B.Eng., etc.)","Computer science, computer engineering, or software engineering",Fewer than 10 employees,Back-end developer;Data scientist or machine learning specialist;Engineering manager,30 or more years,130000.0,Yearly,130000.0
No,Yes,United States,No,Employed full-time,"Other doctoral degree (Ph.D, Ed.D., etc.)","A natural science (ex. biology, chemistry, physics)","10,000 or more employees",Back-end developer;Data scientist or machine learning specialist;Front-end developer;Full-stack developer,12-14 years,80000.0,,80000.0
Yes,No,United States,No,Employed part-time,"Bachelor’s degree (BA, BS, B.Eng., etc.)","A social science (ex. anthropology, psychology, political science)",10 to 19 employees,Data scientist or machine learning specialist;Designer;Mobile developer;Student,3-5 years,400.0,Monthly,4800.0
Yes,Yes,United States,No,Employed full-time,Some college/university study without earning a degree,I never declared a major,100 to 499 employees,Back-end developer;Data scientist or machine learning specialist;Full-stack developer,18-20 years,126000.0,Yearly,126000.0
Yes,Yes,United States,No,Employed full-time,"Bachelor’s degree (BA, BS, B.Eng., etc.)","A social science (ex. anthropology, psychology, political science)",10 to 19 employees,Data scientist or machine learning specialist,6-8 years,75000.0,,75000.0
Yes,Yes,United States,No,Employed full-time,"Master’s degree (MA, MS, M.Eng., MBA, etc.)","Computer science, computer engineering, or software engineering",Fewer than 10 employees,"Back-end developer;C-suite executive (CEO, CTO, etc.);Data or business analyst;Data scientist or machine learning specialist;Database administrator;Designer;Desktop or enterprise applications developer;DevOps specialist;Educator or academic researcher;Engineering manager;Full-stack developer;Marketing or sales professional;Product manager;QA or test developer;System administrator",21-23 years,120000.0,,120000.0
Yes,Yes,United States,No,Employed full-time,"Master’s degree (MA, MS, M.Eng., MBA, etc.)","Computer science, computer engineering, or software engineering","10,000 or more employees",Data scientist or machine learning specialist,21-23 years,165000.0,,165000.0
Yes,Yes,United States,No,Employed full-time,"Other doctoral degree (Ph.D, Ed.D., etc.)","A social science (ex. anthropology, psychology, political science)",20 to 99 employees,Data scientist or machine learning specialist;Educator or academic researcher;Front-end developer;Full-stack developer;Product manager,3-5 years,100000.0,Yearly,100000.0
Yes,Yes,United States,No,Employed full-time,"Bachelor’s degree (BA, BS, B.Eng., etc.)","Computer science, computer engineering, or software engineering",20 to 99 employees,Back-end developer;Data scientist or machine learning specialist;Database administrator;Full-stack developer;Mobile developer,12-14 years,185000.0,Yearly,185000.0
Yes,Yes,United States,No,Employed full-time,"Bachelor’s degree (BA, BS, B.Eng., etc.)","Computer science, computer engineering, or software engineering",20 to 99 employees,Back-end developer;Data scientist or machine learning specialist;Educator or academic researcher;Full-stack developer,30 or more years,94000.0,Yearly,94000.0
Yes,No,United States,"Yes, part-time",Employed full-time,"Master’s degree (MA, MS, M.Eng., MBA, etc.)","Computer science, computer engineering, or software engineering","10,000 or more employees",Back-end developer;Data scientist or machine learning specialist;Database administrator;Front-end developer;Full-stack developer,3-5 years,73000.0,Yearly,73000.0
Yes,Yes,United States,No,Employed full-time,"Bachelor’s degree (BA, BS, B.Eng., etc.)","Computer science, computer engineering, or software engineering",Fewer than 10 employees,Back-end developer;Data scientist or machine learning specialist;Database administrator;DevOps specialist;Engineering manager;Front-end developer;Full-stack developer;System administrator,15-17 years,99000.0,Yearly,99000.0
Yes,Yes,United States,No,Employed full-time,Some college/university study without earning a degree,"Computer science, computer engineering, or software engineering",10 to 19 employees,Back-end developer;Data scientist or machine learning specialist;Front-end developer;Full-stack developer;QA or test developer;System administrator,3-5 years,90000.0,Monthly,1080000.0
Yes,No,United States,No,Employed full-time,"Other doctoral degree (Ph.D, Ed.D., etc.)","Another engineering discipline (ex. civil, electrical, mechanical)",10 to 19 employees,Back-end developer;Data or business analyst;Data scientist or machine learning specialist;Database administrator;DevOps specialist;Educator or academic researcher;Full-stack developer;Mobile developer;QA or test developer;System administrator,30 or more years,195000.0,Yearly,195000.0
Yes,No,United States,"Yes, part-time",Employed full-time,"Bachelor’s degree (BA, BS, B.Eng., etc.)",Mathematics or statistics,"10,000 or more employees",Data scientist or machine learning specialist,3-5 years,85000.0,,85000.0
Yes,Yes,United States,No,Employed full-time,"Bachelor’s degree (BA, BS, B.Eng., etc.)","Another engineering discipline (ex. civil, electrical, mechanical)","1,000 to 4,999 employees",Back-end developer;Data or business analyst;Data scientist or machine learning specialist,3-5 years,104000.0,Yearly,104000.0
Yes,Yes,United States,"Yes, full-time",Employed full-time,"Bachelor’s degree (BA, BS, B.Eng., etc.)","Computer science, computer engineering, or software engineering","10,000 or more employees",Back-end developer;Data scientist or machine learning specialist;Educator or academic researcher;Student,12-14 years,30000.0,,30000.0
Yes,No,United States,No,Employed full-time,"Master’s degree (MA, MS, M.Eng., MBA, etc.)","Computer science, computer engineering, or software engineering","10,000 or more employees",Back-end developer;Data scientist or machine learning specialist;Front-end developer;Full-stack developer,6-8 years,126000.0,Yearly,126000.0
Yes,Yes,United States,No,Employed full-time,"Bachelor’s degree (BA, BS, B.Eng., etc.)","Computer science, computer engineering, or software engineering",Fewer than 10 employees,Data scientist or machine learning specialist,0-2 years,200.0,Monthly,2400.0
Yes,Yes,United States,No,Employed full-time,"Master’s degree (MA, MS, M.Eng., MBA, etc.)","Computer science, computer engineering, or software engineering","5,000 to 9,999 employees",Back-end developer;Data scientist or machine learning specialist,9-11 years,150000.0,,150000.0
Yes,No,United States,"Yes, part-time",Employed full-time,"Bachelor’s degree (BA, BS, B.Eng., etc.)","Computer science, computer engineering, or software engineering",500 to 999 employees,Data scientist or machine learning specialist,6-8 years,140000.0,Yearly,140000.0
Yes,Yes,United States,No,Employed full-time,"Other doctoral degree (Ph.D, Ed.D., etc.)","A social science (ex. anthropology, psychology, political science)","10,000 or more employees",Data scientist or machine learning specialist,9-11 years,106000.0,Yearly,106000.0
Yes,No,United States,No,Employed full-time,"Bachelor’s degree (BA, BS, B.Eng., etc.)",Mathematics or statistics,"10,000 or more employees",Back-end developer;Data scientist or machine learning specialist;Full-stack developer,21-23 years,149000.0,,149000.0
Yes,Yes,United States,No,Employed full-time,"Other doctoral degree (Ph.D, Ed.D., etc.)",Mathematics or statistics,100 to 499 employees,Data scientist or machine learning specialist,6-8 years,191000.0,Yearly,191000.0
Yes,Yes,United States,No,Employed full-time,"Secondary school (e.g. American high school, German Realschule or Gymnasium, etc.)",,20 to 99 employees,Back-end developer;Data scientist or machine learning specialist;Database administrator;DevOps specialist;System administrator,12-14 years,115000.0,Yearly,115000.0
Yes,Yes,United States,No,Employed full-time,"Bachelor’s degree (BA, BS, B.Eng., etc.)","Another engineering discipline (ex. civil, electrical, mechanical)","5,000 to 9,999 employees",Data scientist or machine learning specialist;Desktop or enterprise applications developer;Full-stack developer,0-2 years,65000.0,,65000.0
No,No,United States,No,Employed full-time,"Master’s degree (MA, MS, M.Eng., MBA, etc.)","A natural science (ex. biology, chemistry, physics)","1,000 to 4,999 employees",Data or business analyst;Data scientist or machine learning specialist;Educator or academic researcher,0-2 years,55000.0,Yearly,55000.0
Yes,No,United States,"Yes, full-time",Employed part-time,"Secondary school (e.g. American high school, German Realschule or Gymnasium, etc.)",,20 to 99 employees,Data scientist or machine learning specialist;Desktop or enterprise applications developer,3-5 years,8000.0,Yearly,8000.0
Yes,Yes,United States,No,Employed full-time,"Bachelor’s degree (BA, BS, B.Eng., etc.)","A natural science (ex. biology, chemistry, physics)",20 to 99 employees,Back-end developer;Data scientist or machine learning specialist;Product manager,6-8 years,165000.0,Yearly,165000.0
Yes,Yes,United States,No,Employed full-time,"Bachelor’s degree (BA, BS, B.Eng., etc.)","Another engineering discipline (ex. civil, electrical, mechanical)","1,000 to 4,999 employees",Back-end developer;Data scientist or machine learning specialist;DevOps specialist,3-5 years,75000.0,,75000.0
Yes,No,United States,No,Employed full-time,"Other doctoral degree (Ph.D, Ed.D., etc.)","A natural science (ex. biology, chemistry, physics)","10,000 or more employees",Data or business analyst;Data scientist or machine learning specialist,18-20 years,120000.0,Yearly,120000.0
Yes,No,United States,No,Employed full-time,"Other doctoral degree (Ph.D, Ed.D., etc.)","A social science (ex. anthropology, psychology, political science)",500 to 999 employees,Data scientist or machine learning specialist,3-5 years,105000.0,Yearly,105000.0
Yes,Yes,United States,No,Employed full-time,"Bachelor’s degree (BA, BS, B.Eng., etc.)","Computer science, computer engineering, or software engineering","10,000 or more employees",Back-end developer;Data scientist or machine learning specialist;Desktop or enterprise applications developer;Full-stack developer,9-11 years,71000.0,Yearly,71000.0
Yes,Yes,United States,No,Employed full-time,"Master’s degree (MA, MS, M.Eng., MBA, etc.)","Another engineering discipline (ex. civil, electrical, mechanical)",10 to 19 employees,Back-end developer;Data or business analyst;Data scientist or machine learning specialist;Database administrator;Designer;Desktop or enterprise applications developer;Educator or academic researcher;Embedded applications or devices developer;Front-end developer;Full-stack developer;Game or graphics developer;Product manager;QA or test developer;Student,30 or more years,90000.0,Yearly,90000.0
Yes,No,United States,No,Employed full-time,"Other doctoral degree (Ph.D, Ed.D., etc.)","Computer science, computer engineering, or software engineering",Fewer than 10 employees,"Back-end developer;C-suite executive (CEO, CTO, etc.);Data scientist or machine learning specialist;Full-stack developer;Game or graphics developer",18-20 years,180000.0,Yearly,180000.0
Yes,No,United States,No,Employed full-time,"Other doctoral degree (Ph.D, Ed.D., etc.)","A natural science (ex. biology, chemistry, physics)","5,000 to 9,999 employees",Data or business analyst;Data scientist or machine learning specialist;Full-stack developer;System administrator,6-8 years,60000.0,Yearly,60000.0
Yes,Yes,United States,No,Employed full-time,"Bachelor’s degree (BA, BS, B.Eng., etc.)","Information systems, information technology, or system administration","1,000 to 4,999 employees",Back-end developer;Data or business analyst;Data scientist or machine learning specialist,12-14 years,149000.0,Yearly,149000.0
Yes,Yes,United States,No,Employed full-time,"Bachelor’s degree (BA, BS, B.Eng., etc.)",Mathematics or statistics,500 to 999 employees,Data scientist or machine learning specialist;Desktop or enterprise applications developer;Full-stack developer,9-11 years,90000.0,Yearly,90000.0
No,No,United States,No,Employed full-time,"Other doctoral degree (Ph.D, Ed.D., etc.)","Another engineering discipline (ex. civil, electrical, mechanical)",500 to 999 employees,Back-end developer;Data scientist or machine learning specialist,12-14 years,110000.0,,110000.0
Yes,Yes,United States,No,Employed full-time,"Bachelor’s degree (BA, BS, B.Eng., etc.)","A social science (ex. anthropology, psychology, political science)",20 to 99 employees,Back-end developer;Data or business analyst;Data scientist or machine learning specialist;Database administrator;Product manager;System administrator,15-17 years,80000.0,Yearly,80000.0
Yes,Yes,United States,No,Employed full-time,"Other doctoral degree (Ph.D, Ed.D., etc.)","A social science (ex. anthropology, psychology, political science)",100 to 499 employees,Data or business analyst;Data scientist or machine learning specialist,6-8 years,105000.0,,105000.0
Yes,No,United States,,Employed full-time,"Master’s degree (MA, MS, M.Eng., MBA, etc.)","A business discipline (ex. accounting, finance, marketing)",Fewer than 10 employees,Data or business analyst;Data scientist or machine learning specialist,3-5 years,132000.0,,132000.0
Yes,Yes,United States,No,Employed full-time,"Bachelor’s degree (BA, BS, B.Eng., etc.)","A social science (ex. anthropology, psychology, political science)",Fewer than 10 employees,Back-end developer;Data or business analyst;Data scientist or machine learning specialist;Database administrator;Educator or academic researcher;System administrator,6-8 years,710000.0,Monthly,1000000.0
Yes,No,United States,No,Employed full-time,"Bachelor’s degree (BA, BS, B.Eng., etc.)","Another engineering discipline (ex. civil, electrical, mechanical)",100 to 499 employees,Back-end developer;Data scientist or machine learning specialist;Educator or academic researcher;Full-stack developer,0-2 years,105000.0,Yearly,105000.0
Yes,Yes,United States,"Yes, full-time",Employed full-time,"Master’s degree (MA, MS, M.Eng., MBA, etc.)","Computer science, computer engineering, or software engineering",100 to 499 employees,Back-end developer;Data or business analyst;Data scientist or machine learning specialist;Front-end developer,15-17 years,75000.0,,75000.0
Yes,No,United States,"Yes, full-time",Employed part-time,Some college/university study without earning a degree,"Computer science, computer engineering, or software engineering",20 to 99 employees,Data scientist or machine learning specialist,3-5 years,90000.0,Yearly,90000.0
Yes,Yes,United States,No,Employed full-time,"Master’s degree (MA, MS, M.Eng., MBA, etc.)","A humanities discipline (ex. literature, history, philosophy)",20 to 99 employees,Data scientist or machine learning specialist,9-11 years,90000.0,Yearly,90000.0
Yes,No,United States,No,Employed full-time,"Other doctoral degree (Ph.D, Ed.D., etc.)","A natural science (ex. biology, chemistry, physics)","10,000 or more employees",Data or business analyst;Data scientist or machine learning specialist;Database administrator;Product manager,9-11 years,113000.0,,113000.0
Yes,Yes,United States,No,Employed full-time,"Master’s degree (MA, MS, M.Eng., MBA, etc.)","Another engineering discipline (ex. civil, electrical, mechanical)",100 to 499 employees,Data scientist or machine learning specialist;Designer,12-14 years,102000.0,Yearly,102000.0
No,No,United States,"Yes, full-time",Employed part-time,"Bachelor’s degree (BA, BS, B.Eng., etc.)","Computer science, computer engineering, or software engineering","1,000 to 4,999 employees",Data scientist or machine learning specialist,6-8 years,20000.0,Yearly,20000.0
Yes,Yes,United States,No,Employed full-time,"Master’s degree (MA, MS, M.Eng., MBA, etc.)","A social science (ex. anthropology, psychology, political science)",Fewer than 10 employees,Data or business analyst;Data scientist or machine learning specialist,3-5 years,72000.0,,72000.0
Yes,Yes,United States,No,Employed full-time,"Master’s degree (MA, MS, M.Eng., MBA, etc.)",Mathematics or statistics,20 to 99 employees,Data scientist or machine learning specialist,6-8 years,75000.0,,75000.0
Yes,No,United States,No,Employed full-time,"Master’s degree (MA, MS, M.Eng., MBA, etc.)","Computer science, computer engineering, or software engineering",100 to 499 employees,Back-end developer;Data scientist or machine learning specialist;Designer;Full-stack developer,21-23 years,105000.0,Yearly,105000.0
Yes,Yes,United States,No,Employed full-time,"Bachelor’s degree (BA, BS, B.Eng., etc.)","Another engineering discipline (ex. civil, electrical, mechanical)","10,000 or more employees",Back-end developer;Data scientist or machine learning specialist,9-11 years,100000.0,Yearly,100000.0
Yes,Yes,United States,No,Employed full-time,"Bachelor’s degree (BA, BS, B.Eng., etc.)","Computer science, computer engineering, or software engineering",100 to 499 employees,"Back-end developer;C-suite executive (CEO, CTO, etc.);Data or business analyst;Data scientist or machine learning specialist;Database administrator;Front-end developer;Full-stack developer;Product manager;System administrator",6-8 years,75000.0,Yearly,75000.0
Yes,Yes,United States,No,Employed full-time,"Master’s degree (MA, MS, M.Eng., MBA, etc.)","A business discipline (ex. accounting, finance, marketing)","10,000 or more employees",Back-end developer;Data scientist or machine learning specialist;Database administrator;Desktop or enterprise applications developer;Full-stack developer;QA or test developer,12-14 years,96000.0,Yearly,96000.0
Yes,Yes,United States,No,Employed full-time,"Bachelor’s degree (BA, BS, B.Eng., etc.)",,"10,000 or more employees",Back-end developer;Data or business analyst;Data scientist or machine learning specialist;Database administrator;Designer;Desktop or enterprise applications developer;Embedded applications or devices developer;Front-end developer;Full-stack developer;Game or graphics developer;Mobile developer;QA or test developer;System administrator,15-17 years,92000.0,Yearly,92000.0
Yes,Yes,United States,No,Employed full-time,"Other doctoral degree (Ph.D, Ed.D., etc.)","A humanities discipline (ex. literature, history, philosophy)","10,000 or more employees",Back-end developer;Data scientist or machine learning specialist;DevOps specialist;Engineering manager;Full-stack developer;Product manager;System administrator,24-26 years,120000.0,Monthly,1440000.0
Yes,No,United States,"Yes, full-time",Employed full-time,"Master’s degree (MA, MS, M.Eng., MBA, etc.)","Computer science, computer engineering, or software engineering","10,000 or more employees",Data scientist or machine learning specialist;Mobile developer,3-5 years,80000.0,Yearly,80000.0
Yes,No,United States,No,Employed full-time,"Bachelor’s degree (BA, BS, B.Eng., etc.)","Computer science, computer engineering, or software engineering","10,000 or more employees",Back-end developer;Data scientist or machine learning specialist;DevOps specialist,15-17 years,100000.0,Yearly,100000.0
Yes,No,United States,No,Employed full-time,"Master’s degree (MA, MS, M.Eng., MBA, etc.)","Computer science, computer engineering, or software engineering",500 to 999 employees,Back-end developer;Data scientist or machine learning specialist;DevOps specialist;Full-stack developer,15-17 years,133000.0,Yearly,133000.0
Yes,No,United States,No,Employed full-time,"Master’s degree (MA, MS, M.Eng., MBA, etc.)","A social science (ex. anthropology, psychology, political science)",100 to 499 employees,Data scientist or machine learning specialist,3-5 years,74500.0,Yearly,74500.0
Yes,Yes,United States,No,Employed full-time,"Bachelor’s degree (BA, BS, B.Eng., etc.)","A natural science (ex. biology, chemistry, physics)","10,000 or more employees",Back-end developer;Data scientist or machine learning specialist;Database administrator;DevOps specialist;Embedded applications or devices developer;System administrator,12-14 years,450000.0,Yearly,450000.0
Yes,Yes,United States,"Yes, full-time",Employed full-time,"Bachelor’s degree (BA, BS, B.Eng., etc.)","A business discipline (ex. accounting, finance, marketing)",20 to 99 employees,Data scientist or machine learning specialist;Full-stack developer,3-5 years,120000.0,Yearly,120000.0
Yes,No,United States,No,Employed full-time,"Other doctoral degree (Ph.D, Ed.D., etc.)",Mathematics or statistics,500 to 999 employees,Data or business analyst;Data scientist or machine learning specialist;Educator or academic researcher;Full-stack developer,30 or more years,136000.0,Yearly,136000.0
Yes,No,United States,No,Employed full-time,"Master’s degree (MA, MS, M.Eng., MBA, etc.)","Another engineering discipline (ex. civil, electrical, mechanical)","1,000 to 4,999 employees",Data or business analyst;Data scientist or machine learning specialist;DevOps specialist;System administrator,3-5 years,88000.0,Yearly,88000.0
No,No,United States,"Yes, full-time",Employed full-time,"Bachelor’s degree (BA, BS, B.Eng., etc.)","Computer science, computer engineering, or software engineering",100 to 499 employees,Back-end developer;Data scientist or machine learning specialist,3-5 years,99000.0,,99000.0
Yes,Yes,United States,No,Employed full-time,"Bachelor’s degree (BA, BS, B.Eng., etc.)","A social science (ex. anthropology, psychology, political science)","1,000 to 4,999 employees",Back-end developer;Data or business analyst;Data scientist or machine learning specialist;Full-stack developer,6-8 years,300000.0,,300000.0
Yes,Yes,United States,"Yes, part-time",Employed full-time,"Master’s degree (MA, MS, M.Eng., MBA, etc.)","Another engineering discipline (ex. civil, electrical, mechanical)","5,000 to 9,999 employees",Data scientist or machine learning specialist;Desktop or enterprise applications developer;Embedded applications or devices developer;Front-end developer;Full-stack developer;Mobile developer,6-8 years,55000.0,Yearly,55000.0
Yes,Yes,United States,No,Employed full-time,"Master’s degree (MA, MS, M.Eng., MBA, etc.)","Another engineering discipline (ex. civil, electrical, mechanical)",20 to 99 employees,Back-end developer;Data scientist or machine learning specialist;Embedded applications or devices developer,15-17 years,110000.0,Yearly,110000.0
Yes,No,United States,No,Employed full-time,"Bachelor’s degree (BA, BS, B.Eng., etc.)","Computer science, computer engineering, or software engineering","1,000 to 4,999 employees",Data or business analyst;Data scientist or machine learning specialist;Desktop or enterprise applications developer,6-8 years,65000.0,Yearly,65000.0
No,No,United States,No,Employed full-time,"Bachelor’s degree (BA, BS, B.Eng., etc.)","A natural science (ex. biology, chemistry, physics)",500 to 999 employees,Data scientist or machine learning specialist;DevOps specialist,12-14 years,150000.0,,150000.0
Yes,No,United States,No,Employed full-time,"Master’s degree (MA, MS, M.Eng., MBA, etc.)","A social science (ex. anthropology, psychology, political science)",20 to 99 employees,Data or business analyst;Data scientist or machine learning specialist,3-5 years,63000.0,Yearly,63000.0
Yes,Yes,United States,"Yes, full-time",Employed full-time,"Master’s degree (MA, MS, M.Eng., MBA, etc.)","Computer science, computer engineering, or software engineering",100 to 499 employees,Data scientist or machine learning specialist,12-14 years,100000.0,Yearly,100000.0
Yes,Yes,United States,No,Employed full-time,"Master’s degree (MA, MS, M.Eng., MBA, etc.)","Another engineering discipline (ex. civil, electrical, mechanical)","5,000 to 9,999 employees",Back-end developer;Data scientist or machine learning specialist,30 or more years,175000.0,Yearly,175000.0
Yes,No,United States,No,Employed full-time,"Bachelor’s degree (BA, BS, B.Eng., etc.)",,"10,000 or more employees",Data or business analyst;Data scientist or machine learning specialist;Full-stack developer,9-11 years,106000.0,Yearly,106000.0
Yes,No,United States,No,Employed full-time,"Other doctoral degree (Ph.D, Ed.D., etc.)","A social science (ex. anthropology, psychology, political science)","1,000 to 4,999 employees",Data scientist or machine learning specialist,18-20 years,120000.0,Yearly,120000.0
Yes,No,United States,No,Employed full-time,Associate degree,"Computer science, computer engineering, or software engineering","10,000 or more employees",Back-end developer;Data scientist or machine learning specialist;Front-end developer;Full-stack developer;Game or graphics developer,18-20 years,2500.0,Weekly,125000.0
Yes,No,United States,No,Employed full-time,"Bachelor’s degree (BA, BS, B.Eng., etc.)","Information systems, information technology, or system administration","1,000 to 4,999 employees",Data or business analyst;Data scientist or machine learning specialist;Database administrator,6-8 years,90000.0,Yearly,90000.0
No,No,United States,"Yes, full-time",Employed full-time,"Bachelor’s degree (BA, BS, B.Eng., etc.)","Computer science, computer engineering, or software engineering","10,000 or more employees",Data scientist or machine learning specialist;Student,6-8 years,60000.0,Yearly,60000.0
No,Yes,United States,"Yes, part-time",Employed full-time,"Master’s degree (MA, MS, M.Eng., MBA, etc.)","A natural science (ex. biology, chemistry, physics)",Fewer than 10 employees,Data scientist or machine learning specialist,12-14 years,105000.0,Yearly,105000.0
No,No,United States,No,Employed full-time,"Bachelor’s degree (BA, BS, B.Eng., etc.)",Mathematics or statistics,500 to 999 employees,Data or business analyst;Data scientist or machine learning specialist,3-5 years,105000.0,Yearly,105000.0
Yes,No,United States,No,Employed full-time,"Bachelor’s degree (BA, BS, B.Eng., etc.)","A natural science (ex. biology, chemistry, physics)","10,000 or more employees",Data or business analyst;Data scientist or machine learning specialist;Full-stack developer,3-5 years,81500.0,,81500.0
Yes,No,United States,No,Employed full-time,"Bachelor’s degree (BA, BS, B.Eng., etc.)","Computer science, computer engineering, or software engineering","10,000 or more employees",Data scientist or machine learning specialist,6-8 years,105000.0,Yearly,105000.0
Yes,Yes,United States,No,Employed full-time,"Bachelor’s degree (BA, BS, B.Eng., etc.)","A humanities discipline (ex. literature, history, philosophy)",100 to 499 employees,Back-end developer;Data scientist or machine learning specialist;Desktop or enterprise applications developer;Educator or academic researcher;Full-stack developer,30 or more years,160000.0,Yearly,160000.0
Yes,Yes,United States,No,Employed full-time,"Master’s degree (MA, MS, M.Eng., MBA, etc.)","Another engineering discipline (ex. civil, electrical, mechanical)",20 to 99 employees,Data scientist or machine learning specialist;Full-stack developer,12-14 years,130000.0,,130000.0
Yes,Yes,United States,No,Employed full-time,"Bachelor’s degree (BA, BS, B.Eng., etc.)","Computer science, computer engineering, or software engineering",10 to 19 employees,Back-end developer;Data scientist or machine learning specialist;Database administrator;DevOps specialist;Front-end developer;Full-stack developer;QA or test developer;System administrator,18-20 years,220000.0,Yearly,220000.0
Yes,Yes,United States,No,Employed full-time,"Master’s degree (MA, MS, M.Eng., MBA, etc.)","Another engineering discipline (ex. civil, electrical, mechanical)",20 to 99 employees,Back-end developer;Data scientist or machine learning specialist;Embedded applications or devices developer,12-14 years,95000.0,,95000.0
Yes,No,United States,No,Employed full-time,"Bachelor’s degree (BA, BS, B.Eng., etc.)","Computer science, computer engineering, or software engineering",20 to 99 employees,Back-end developer;Data scientist or machine learning specialist,21-23 years,133000.0,Yearly,133000.0
Yes,Yes,United States,No,Employed full-time,"Bachelor’s degree (BA, BS, B.Eng., etc.)","A natural science (ex. biology, chemistry, physics)","10,000 or more employees",Data scientist or machine learning specialist,3-5 years,90000.0,,90000.0
Yes,Yes,United States,No,Employed full-time,"Other doctoral degree (Ph.D, Ed.D., etc.)","Another engineering discipline (ex. civil, electrical, mechanical)",100 to 499 employees,Back-end developer;Data scientist or machine learning specialist;Designer;Educator or academic researcher,6-8 years,120000.0,Yearly,120000.0
No,Yes,United States,No,Employed full-time,"Bachelor’s degree (BA, BS, B.Eng., etc.)",Mathematics or statistics,20 to 99 employees,Data or business analyst;Data scientist or machine learning specialist;Product manager,3-5 years,120000.0,Yearly,120000.0
Yes,No,United States,No,Employed full-time,"Master’s degree (MA, MS, M.Eng., MBA, etc.)",Mathematics or statistics,20 to 99 employees,Data scientist or machine learning specialist;Full-stack developer,6-8 years,120000.0,,120000.0
Yes,Yes,United States,No,Employed full-time,"Bachelor’s degree (BA, BS, B.Eng., etc.)","Computer science, computer engineering, or software engineering",500 to 999 employees,Back-end developer;Data scientist or machine learning specialist;Designer;Game or graphics developer,18-20 years,175000.0,Yearly,175000.0
Yes,No,United States,No,Employed full-time,"Bachelor’s degree (BA, BS, B.Eng., etc.)","Another engineering discipline (ex. civil, electrical, mechanical)","10,000 or more employees",Data or business analyst;Data scientist or machine learning specialist,3-5 years,80000.0,,80000.0
Yes,Yes,United States,No,Employed full-time,"Other doctoral degree (Ph.D, Ed.D., etc.)",Mathematics or statistics,"10,000 or more employees",Data scientist or machine learning specialist,9-11 years,116000.0,Yearly,116000.0
Yes,Yes,United States,No,Employed full-time,"Bachelor’s degree (BA, BS, B.Eng., etc.)","Computer science, computer engineering, or software engineering","10,000 or more employees",Back-end developer;Data scientist or machine learning specialist;Database administrator;Full-stack developer,15-17 years,220000.0,Yearly,220000.0
Yes,No,United States,No,Employed full-time,"Master’s degree (MA, MS, M.Eng., MBA, etc.)",,"1,000 to 4,999 employees",Data scientist or machine learning specialist,3-5 years,95000.0,Yearly,95000.0
Yes,No,United States,No,Employed full-time,"Bachelor’s degree (BA, BS, B.Eng., etc.)","Computer science, computer engineering, or software engineering",500 to 999 employees,Data or business analyst;Data scientist or machine learning specialist,6-8 years,50000.0,Yearly,50000.0
Yes,Yes,United States,No,Employed full-time,"Bachelor’s degree (BA, BS, B.Eng., etc.)","A social science (ex. anthropology, psychology, political science)","1,000 to 4,999 employees",Data or business analyst;Data scientist or machine learning specialist;Desktop or enterprise applications developer,3-5 years,111000.0,,111000.0
Yes,No,United States,"Yes, full-time",Employed full-time,"Bachelor’s degree (BA, BS, B.Eng., etc.)",Mathematics or statistics,"10,000 or more employees",Data or business analyst;Data scientist or machine learning specialist;Database administrator;DevOps specialist;System administrator,9-11 years,70000.0,Yearly,70000.0
Yes,No,United States,No,Employed full-time,"Master’s degree (MA, MS, M.Eng., MBA, etc.)","Another engineering discipline (ex. civil, electrical, mechanical)",100 to 499 employees,Back-end developer;Data scientist or machine learning specialist;Desktop or enterprise applications developer,21-23 years,160000.0,Yearly,160000.0
Yes,No,United States,No,Employed full-time,"Bachelor’s degree (BA, BS, B.Eng., etc.)",Mathematics or statistics,"10,000 or more employees",Back-end developer;Data or business analyst;Data scientist or machine learning specialist,0-2 years,65000.0,Yearly,65000.0
Yes,No,United States,"Yes, full-time",Employed part-time,"Master’s degree (MA, MS, M.Eng., MBA, etc.)","A social science (ex. anthropology, psychology, political science)","1,000 to 4,999 employees",Data or business analyst;Data scientist or machine learning specialist;Database administrator;Educator or academic researcher;Student,6-8 years,46333.0,,46333.0
Yes,Yes,United States,No,Employed full-time,"Other doctoral degree (Ph.D, Ed.D., etc.)",Mathematics or statistics,"1,000 to 4,999 employees",Data scientist or machine learning specialist,30 or more years,200000.0,Yearly,200000.0
Yes,No,United States,No,Employed full-time,"Bachelor’s degree (BA, BS, B.Eng., etc.)","A social science (ex. anthropology, psychology, political science)","1,000 to 4,999 employees",Data or business analyst;Data scientist or machine learning specialist;Database administrator,3-5 years,35396.0,Monthly,424752.0
Yes,No,United States,"Yes, full-time",Employed part-time,"Secondary school (e.g. American high school, German Realschule or Gymnasium, etc.)",,20 to 99 employees,Data or business analyst;Data scientist or machine learning specialist,0-2 years,40000.0,Yearly,40000.0
No,No,United States,No,Employed full-time,"Bachelor’s degree (BA, BS, B.Eng., etc.)","Computer science, computer engineering, or software engineering",20 to 99 employees,Back-end developer;Data scientist or machine learning specialist,6-8 years,80000.0,,80000.0
No,No,United States,No,Employed full-time,"Master’s degree (MA, MS, M.Eng., MBA, etc.)",Mathematics or statistics,500 to 999 employees,Back-end developer;Data or business analyst;Data scientist or machine learning specialist;Database administrator,12-14 years,150000.0,Yearly,150000.0
No,No,United States,"Yes, full-time",Employed full-time,"Other doctoral degree (Ph.D, Ed.D., etc.)","Computer science, computer engineering, or software engineering","10,000 or more employees",Data scientist or machine learning specialist;Engineering manager,18-20 years,225000.0,,225000.0
Yes,Yes,United States,"Yes, part-time",Employed full-time,"Bachelor’s degree (BA, BS, B.Eng., etc.)",Mathematics or statistics,"10,000 or more employees",Data scientist or machine learning specialist,3-5 years,90000.0,Yearly,90000.0
Yes,No,United States,No,Employed full-time,"Master’s degree (MA, MS, M.Eng., MBA, etc.)",Mathematics or statistics,"1,000 to 4,999 employees",Data or business analyst;Data scientist or machine learning specialist;Desktop or enterprise applications developer,3-5 years,75000.0,Yearly,75000.0
Yes,Yes,United States,No,Employed full-time,"Bachelor’s degree (BA, BS, B.Eng., etc.)","Computer science, computer engineering, or software engineering",20 to 99 employees,Data scientist or machine learning specialist;Full-stack developer,12-14 years,105000.0,Yearly,105000.0
Yes,Yes,United States,"Yes, part-time",Employed full-time,"Master’s degree (MA, MS, M.Eng., MBA, etc.)","Computer science, computer engineering, or software engineering","10,000 or more employees",Data scientist or machine learning specialist;Full-stack developer;Student,15-17 years,200000.0,Yearly,200000.0
No,No,United States,No,Employed full-time,"Bachelor’s degree (BA, BS, B.Eng., etc.)","A natural science (ex. biology, chemistry, physics)",20 to 99 employees,Data scientist or machine learning specialist,3-5 years,165000.0,Yearly,165000.0
No,No,United States,No,Employed full-time,"Bachelor’s degree (BA, BS, B.Eng., etc.)","Computer science, computer engineering, or software engineering","10,000 or more employees",Back-end developer;Data or business analyst;Data scientist or machine learning specialist;DevOps specialist,6-8 years,74000.0,Yearly,74000.0
No,No,United States,No,Employed full-time,"Bachelor’s degree (BA, BS, B.Eng., etc.)","Computer science, computer engineering, or software engineering",Fewer than 10 employees,Back-end developer;Data scientist or machine learning specialist;Embedded applications or devices developer;Full-stack developer;QA or test developer,21-23 years,85000.0,Yearly,85000.0
Yes,No,United States,No,Employed full-time,"Master’s degree (MA, MS, M.Eng., MBA, etc.)","Computer science, computer engineering, or software engineering","10,000 or more employees",Back-end developer;Data or business analyst;Data scientist or machine learning specialist;Designer;Front-end developer;Full-stack developer;QA or test developer,21-23 years,140000.0,Yearly,140000.0
Yes,No,United States,No,Employed full-time,"Master’s degree (MA, MS, M.Eng., MBA, etc.)",Mathematics or statistics,500 to 999 employees,Data scientist or machine learning specialist,3-5 years,115000.0,Yearly,115000.0
Yes,No,United States,No,Employed full-time,"Bachelor’s degree (BA, BS, B.Eng., etc.)","Computer science, computer engineering, or software engineering",20 to 99 employees,Back-end developer;Data or business analyst;Data scientist or machine learning specialist;Database administrator;Desktop or enterprise applications developer;Full-stack developer,24-26 years,84000.0,Yearly,84000.0
Yes,No,United States,No,Employed full-time,"Bachelor’s degree (BA, BS, B.Eng., etc.)","Computer science, computer engineering, or software engineering",100 to 499 employees,Back-end developer;Data or business analyst;Data scientist or machine learning specialist;DevOps specialist,18-20 years,135000.0,Yearly,135000.0
Yes,Yes,United States,No,Employed full-time,"Bachelor’s degree (BA, BS, B.Eng., etc.)","A social science (ex. anthropology, psychology, political science)",100 to 499 employees,Back-end developer;Data or business analyst;Data scientist or machine learning specialist;Desktop or enterprise applications developer;Front-end developer;Full-stack developer;Product manager,3-5 years,91000.0,Yearly,91000.0
Yes,Yes,United States,No,Employed full-time,"Bachelor’s degree (BA, BS, B.Eng., etc.)","Computer science, computer engineering, or software engineering","1,000 to 4,999 employees",Data scientist or machine learning specialist;Database administrator;Designer;Desktop or enterprise applications developer;DevOps specialist;Embedded applications or devices developer,6-8 years,90000.0,,90000.0
Yes,No,United States,No,Employed full-time,"Bachelor’s degree (BA, BS, B.Eng., etc.)","Computer science, computer engineering, or software engineering",10 to 19 employees,Data scientist or machine learning specialist,6-8 years,8000.0,Monthly,96000.0
Yes,No,United States,No,Employed full-time,Some college/university study without earning a degree,"Fine arts or performing arts (ex. graphic design, music, studio art)",20 to 99 employees,Back-end developer;Data or business analyst;Data scientist or machine learning specialist;Database administrator;Designer;Desktop or enterprise applications developer;Front-end developer;QA or test developer;System administrator,0-2 years,1000.0,Weekly,50000.0
Yes,No,United States,No,Employed full-time,"Other doctoral degree (Ph.D, Ed.D., etc.)","A social science (ex. anthropology, psychology, political science)",20 to 99 employees,Data scientist or machine learning specialist;Front-end developer,15-17 years,102960.0,Yearly,102960.0
Yes,Yes,United States,"Yes, part-time",Employed full-time,"Bachelor’s degree (BA, BS, B.Eng., etc.)","Computer science, computer engineering, or software engineering","10,000 or more employees",Back-end developer;Data scientist or machine learning specialist;Database administrator;Desktop or enterprise applications developer;Educator or academic researcher,24-26 years,95000.0,,95000.0
No,No,United States,No,Employed full-time,"Bachelor’s degree (BA, BS, B.Eng., etc.)",Mathematics or statistics,500 to 999 employees,Data scientist or machine learning specialist,3-5 years,130000.0,Yearly,130000.0
Yes,Yes,United States,No,Employed full-time,"Master’s degree (MA, MS, M.Eng., MBA, etc.)",Mathematics or statistics,Fewer than 10 employees,Back-end developer;Data scientist or machine learning specialist;Desktop or enterprise applications developer;Educator or academic researcher;Full-stack developer,6-8 years,120000.0,,120000.0
No,No,United States,No,Employed full-time,"Master’s degree (MA, MS, M.Eng., MBA, etc.)","A natural science (ex. biology, chemistry, physics)",20 to 99 employees,Data or business analyst;Data scientist or machine learning specialist;Database administrator;Designer;Mobile developer;Product manager,6-8 years,90000.0,Yearly,90000.0
Yes,No,United States,No,Employed full-time,"Master’s degree (MA, MS, M.Eng., MBA, etc.)","Computer science, computer engineering, or software engineering","1,000 to 4,999 employees",Data scientist or machine learning specialist,3-5 years,98000.0,,98000.0
Yes,Yes,United States,No,Employed full-time,"Bachelor’s degree (BA, BS, B.Eng., etc.)",Mathematics or statistics,"10,000 or more employees",Data scientist or machine learning specialist;Desktop or enterprise applications developer;Full-stack developer,9-11 years,86000.0,Yearly,86000.0
No,No,United States,"Yes, full-time",Employed full-time,"Master’s degree (MA, MS, M.Eng., MBA, etc.)","Computer science, computer engineering, or software engineering",20 to 99 employees,Data scientist or machine learning specialist;Designer;Educator or academic researcher;Student,9-11 years,37000.0,Yearly,37000.0
Yes,Yes,United States,No,Employed full-time,Some college/university study without earning a degree,"Computer science, computer engineering, or software engineering",20 to 99 employees,Back-end developer;Data scientist or machine learning specialist;Front-end developer,15-17 years,160000.0,Yearly,160000.0
Yes,No,United States,No,Employed full-time,"Master’s degree (MA, MS, M.Eng., MBA, etc.)",,20 to 99 employees,Data or business analyst;Data scientist or machine learning specialist,3-5 years,80000.0,Yearly,80000.0
Yes,Yes,United States,No,Employed full-time,"Other doctoral degree (Ph.D, Ed.D., etc.)","Another engineering discipline (ex. civil, electrical, mechanical)","5,000 to 9,999 employees",Back-end developer;Data scientist or machine learning specialist;Educator or academic researcher,6-8 years,3850.0,Weekly,192500.0
Yes,Yes,United States,No,Employed full-time,"Master’s degree (MA, MS, M.Eng., MBA, etc.)","Another engineering discipline (ex. civil, electrical, mechanical)",100 to 499 employees,Back-end developer;Data scientist or machine learning specialist;Desktop or enterprise applications developer;Full-stack developer;Mobile developer,21-23 years,105000.0,Yearly,105000.0
Yes,No,United States,No,Employed full-time,"Master’s degree (MA, MS, M.Eng., MBA, etc.)","Another engineering discipline (ex. civil, electrical, mechanical)",10 to 19 employees,Back-end developer;Data or business analyst;Data scientist or machine learning specialist,6-8 years,100000.0,Yearly,100000.0
Yes,No,United States,No,Employed full-time,Some college/university study without earning a degree,"Computer science, computer engineering, or software engineering",100 to 499 employees,Data or business analyst;Data scientist or machine learning specialist,6-8 years,80000.0,Yearly,80000.0
Yes,Yes,United States,No,Employed full-time,"Bachelor’s degree (BA, BS, B.Eng., etc.)",Mathematics or statistics,"10,000 or more employees",Back-end developer;Data scientist or machine learning specialist,3-5 years,60000.0,,60000.0
Yes,No,United States,No,Employed full-time,"Bachelor’s degree (BA, BS, B.Eng., etc.)",Mathematics or statistics,"1,000 to 4,999 employees",Back-end developer;Data scientist or machine learning specialist;Desktop or enterprise applications developer;Front-end developer,3-5 years,63000.0,Yearly,63000.0
Yes,Yes,United States,No,Employed full-time,"Other doctoral degree (Ph.D, Ed.D., etc.)","A natural science (ex. biology, chemistry, physics)",20 to 99 employees,Data scientist or machine learning specialist;Embedded applications or devices developer;Full-stack developer;System administrator,24-26 years,130500.0,Yearly,130500.0
Yes,No,United States,No,Employed full-time,"Master’s degree (MA, MS, M.Eng., MBA, etc.)",Mathematics or statistics,10 to 19 employees,Back-end developer;Data scientist or machine learning specialist;Database administrator;Designer;Desktop or enterprise applications developer;Front-end developer;Full-stack developer;Product manager,9-11 years,125000.0,,125000.0
Yes,Yes,United States,No,Employed full-time,"Other doctoral degree (Ph.D, Ed.D., etc.)","Computer science, computer engineering, or software engineering","5,000 to 9,999 employees",Data scientist or machine learning specialist;Educator or academic researcher,30 or more years,221000.0,Yearly,221000.0
Yes,Yes,United States,No,Employed full-time,"Other doctoral degree (Ph.D, Ed.D., etc.)","A natural science (ex. biology, chemistry, physics)","1,000 to 4,999 employees",Data scientist or machine learning specialist;Educator or academic researcher;System administrator,9-11 years,100000.0,,100000.0
Yes,No,United States,No,Employed full-time,"Master’s degree (MA, MS, M.Eng., MBA, etc.)",,20 to 99 employees,Back-end developer;Data or business analyst;Data scientist or machine learning specialist;Database administrator;Front-end developer;Full-stack developer,9-11 years,119000.0,Yearly,119000.0
Yes,Yes,United States,No,Employed full-time,"Bachelor’s degree (BA, BS, B.Eng., etc.)","Another engineering discipline (ex. civil, electrical, mechanical)",20 to 99 employees,Back-end developer;Data scientist or machine learning specialist;Front-end developer;Full-stack developer,6-8 years,62500.0,Yearly,62500.0
Yes,Yes,United States,No,Employed full-time,"Master’s degree (MA, MS, M.Eng., MBA, etc.)","A health science (ex. nursing, pharmacy, radiology)",100 to 499 employees,Data or business analyst;Data scientist or machine learning specialist;Database administrator;Educator or academic researcher,9-11 years,100000.0,Yearly,100000.0
Yes,Yes,United States,No,Employed full-time,Associate degree,,"10,000 or more employees",Back-end developer;Data or business analyst;Data scientist or machine learning specialist;Designer;Desktop or enterprise applications developer;DevOps specialist;Front-end developer;Full-stack developer;QA or test developer;System administrator,9-11 years,102000.0,Yearly,102000.0
Yes,Yes,United States,"Yes, full-time",Employed full-time,"Bachelor’s degree (BA, BS, B.Eng., etc.)","Computer science, computer engineering, or software engineering","10,000 or more employees",Back-end developer;Data scientist or machine learning specialist;Desktop or enterprise applications developer;Front-end developer;Full-stack developer;Student,9-11 years,1400.0,Weekly,70000.0
No,No,United States,No,Employed full-time,"Bachelor’s degree (BA, BS, B.Eng., etc.)","Computer science, computer engineering, or software engineering",100 to 499 employees,Back-end developer;Data or business analyst;Data scientist or machine learning specialist;Database administrator;Desktop or enterprise applications developer;Front-end developer;Full-stack developer,6-8 years,105000.0,,105000.0
No,No,United States,No,Employed full-time,"Other doctoral degree (Ph.D, Ed.D., etc.)","A natural science (ex. biology, chemistry, physics)","1,000 to 4,999 employees",Data scientist or machine learning specialist,9-11 years,110000.0,,110000.0
Yes,Yes,United States,No,Employed full-time,"Other doctoral degree (Ph.D, Ed.D., etc.)","A natural science (ex. biology, chemistry, physics)","10,000 or more employees",Data or business analyst;Data scientist or machine learning specialist;Educator or academic researcher,12-14 years,7500.0,Monthly,90000.0
Yes,No,United States,"Yes, part-time",Employed part-time,Primary/elementary school,,"5,000 to 9,999 employees",Data scientist or machine learning specialist;Student,3-5 years,250.0,Weekly,12500.0
Yes,Yes,United States,No,Employed full-time,"Bachelor’s degree (BA, BS, B.Eng., etc.)","Computer science, computer engineering, or software engineering","10,000 or more employees",Data or business analyst;Data scientist or machine learning specialist;Educator or academic researcher,18-20 years,205000.0,,205000.0
Yes,Yes,United States,No,Employed full-time,Some college/university study without earning a degree,"Computer science, computer engineering, or software engineering","10,000 or more employees",Back-end developer;Data scientist or machine learning specialist;Desktop or enterprise applications developer;DevOps specialist;Engineering manager;Full-stack developer;System administrator,27-29 years,240000.0,Yearly,240000.0
Yes,Yes,United States,No,Employed full-time,"Bachelor’s degree (BA, BS, B.Eng., etc.)","Computer science, computer engineering, or software engineering","10,000 or more employees",Data scientist or machine learning specialist;Mobile developer,27-29 years,258000.0,,258000.0
Yes,No,United States,No,Employed full-time,"Other doctoral degree (Ph.D, Ed.D., etc.)","Computer science, computer engineering, or software engineering","1,000 to 4,999 employees",Back-end developer;Data scientist or machine learning specialist,21-23 years,190000.0,Yearly,190000.0
No,No,United States,No,Employed full-time,"Master’s degree (MA, MS, M.Eng., MBA, etc.)",Mathematics or statistics,100 to 499 employees,Back-end developer;Data scientist or machine learning specialist,24-26 years,210000.0,,210000.0
Yes,No,United States,No,Employed full-time,"Master’s degree (MA, MS, M.Eng., MBA, etc.)","A natural science (ex. biology, chemistry, physics)",Fewer than 10 employees,Data scientist or machine learning specialist,6-8 years,75000.0,Yearly,75000.0
Yes,Yes,United States,No,Employed full-time,"Other doctoral degree (Ph.D, Ed.D., etc.)",Mathematics or statistics,"5,000 to 9,999 employees",Back-end developer;Data scientist or machine learning specialist;Educator or academic researcher,12-14 years,185000.0,Yearly,185000.0
Yes,No,United States,"Yes, full-time",Employed part-time,"Secondary school (e.g. American high school, German Realschule or Gymnasium, etc.)",,"10,000 or more employees",Data or business analyst;Data scientist or machine learning specialist;Desktop or enterprise applications developer;Student,6-8 years,75000.0,Yearly,75000.0
Yes,No,United States,No,Employed full-time,"Master’s degree (MA, MS, M.Eng., MBA, etc.)","Computer science, computer engineering, or software engineering",500 to 999 employees,Data scientist or machine learning specialist,3-5 years,100000.0,Yearly,100000.0
Yes,No,United States,No,Employed full-time,"Bachelor’s degree (BA, BS, B.Eng., etc.)","Computer science, computer engineering, or software engineering",20 to 99 employees,Back-end developer;Data or business analyst;Data scientist or machine learning specialist;Front-end developer;Full-stack developer,3-5 years,67000.0,Weekly,2000000.0
Yes,No,United States,No,Employed full-time,"Bachelor’s degree (BA, BS, B.Eng., etc.)","Computer science, computer engineering, or software engineering",20 to 99 employees,Back-end developer;Data scientist or machine learning specialist;Database administrator;Desktop or enterprise applications developer;DevOps specialist;Mobile developer,6-8 years,48000.0,Yearly,48000.0
Yes,No,United States,No,Employed full-time,"Master’s degree (MA, MS, M.Eng., MBA, etc.)","Another engineering discipline (ex. civil, electrical, mechanical)","5,000 to 9,999 employees",Back-end developer;Data scientist or machine learning specialist;Designer,15-17 years,119000.0,,119000.0
Yes,Yes,United States,No,Employed full-time,"Bachelor’s degree (BA, BS, B.Eng., etc.)","Another engineering discipline (ex. civil, electrical, mechanical)","5,000 to 9,999 employees",Data scientist or machine learning specialist;Designer;Embedded applications or devices developer;Engineering manager;QA or test developer,3-5 years,63000.0,,63000.0
Yes,Yes,United States,No,Employed full-time,"Other doctoral degree (Ph.D, Ed.D., etc.)","A social science (ex. anthropology, psychology, political science)",100 to 499 employees,Data or business analyst;Data scientist or machine learning specialist;Database administrator;DevOps specialist,9-11 years,145000.0,,145000.0
Yes,Yes,United States,No,Employed full-time,"Other doctoral degree (Ph.D, Ed.D., etc.)","Another engineering discipline (ex. civil, electrical, mechanical)","10,000 or more employees",Back-end developer;Data or business analyst;Data scientist or machine learning specialist;Database administrator;Educator or academic researcher;Front-end developer;Full-stack developer;System administrator,18-20 years,120000.0,Yearly,120000.0
Yes,Yes,United States,"Yes, full-time",Employed full-time,"Master’s degree (MA, MS, M.Eng., MBA, etc.)","A humanities discipline (ex. literature, history, philosophy)","5,000 to 9,999 employees",Data scientist or machine learning specialist;Educator or academic researcher;Student,15-17 years,60000.0,,60000.0
Yes,No,United States,No,Employed full-time,"Master’s degree (MA, MS, M.Eng., MBA, etc.)","A natural science (ex. biology, chemistry, physics)",20 to 99 employees,Data scientist or machine learning specialist,9-11 years,102500.0,Yearly,102500.0
Yes,Yes,United States,"Yes, part-time",Employed full-time,"Master’s degree (MA, MS, M.Eng., MBA, etc.)","Computer science, computer engineering, or software engineering","10,000 or more employees",Data scientist or machine learning specialist;Full-stack developer,18-20 years,182000.0,Yearly,182000.0
Yes,Yes,United States,No,Employed full-time,"Other doctoral degree (Ph.D, Ed.D., etc.)",Mathematics or statistics,100 to 499 employees,Data scientist or machine learning specialist,6-8 years,177000.0,Yearly,177000.0
Yes,Yes,United States,No,Employed full-time,"Other doctoral degree (Ph.D, Ed.D., etc.)","Computer science, computer engineering, or software engineering",500 to 999 employees,Back-end developer;Data or business analyst;Data scientist or machine learning specialist;Database administrator;Designer;Front-end developer;Full-stack developer,21-23 years,180000.0,,180000.0
Yes,Yes,United States,No,Employed full-time,"Master’s degree (MA, MS, M.Eng., MBA, etc.)",Mathematics or statistics,20 to 99 employees,Data scientist or machine learning specialist,18-20 years,130000.0,Yearly,130000.0
Yes,Yes,United States,"Yes, full-time",Employed full-time,"Bachelor’s degree (BA, BS, B.Eng., etc.)",Mathematics or statistics,"1,000 to 4,999 employees",Data scientist or machine learning specialist,6-8 years,340000.0,,340000.0
Yes,No,United States,No,Employed full-time,"Bachelor’s degree (BA, BS, B.Eng., etc.)","Information systems, information technology, or system administration","10,000 or more employees",Back-end developer;Data or business analyst;Data scientist or machine learning specialist;Database administrator;DevOps specialist;Engineering manager;Full-stack developer;Product manager;System administrator,15-17 years,190000.0,,190000.0
Yes,Yes,United States,No,Employed full-time,"Bachelor’s degree (BA, BS, B.Eng., etc.)","Computer science, computer engineering, or software engineering","1,000 to 4,999 employees",Back-end developer;Data or business analyst;Data scientist or machine learning specialist;DevOps specialist;Embedded applications or devices developer;Full-stack developer;System administrator,9-11 years,70000.0,Yearly,70000.0
Yes,No,United States,"Yes, full-time",Employed full-time,"Master’s degree (MA, MS, M.Eng., MBA, etc.)","Computer science, computer engineering, or software engineering","5,000 to 9,999 employees",Data scientist or machine learning specialist,6-8 years,130000.0,Yearly,130000.0
Yes,Yes,United States,No,Employed full-time,"Bachelor’s degree (BA, BS, B.Eng., etc.)","Computer science, computer engineering, or software engineering",10 to 19 employees,Back-end developer;Data scientist or machine learning specialist;Full-stack developer,9-11 years,120000.0,Yearly,120000.0
No,Yes,United States,No,Employed full-time,"Master’s degree (MA, MS, M.Eng., MBA, etc.)","A social science (ex. anthropology, psychology, political science)","10,000 or more employees",Data or business analyst;Data scientist or machine learning specialist,6-8 years,40000.0,Yearly,40000.0
No,No,United States,No,Employed full-time,"Master’s degree (MA, MS, M.Eng., MBA, etc.)","A natural science (ex. biology, chemistry, physics)",100 to 499 employees,Back-end developer;Data or business analyst;Data scientist or machine learning specialist;Designer;Front-end developer;QA or test developer,9-11 years,63000.0,Yearly,63000.0
Yes,Yes,United States,No,Employed full-time,Some college/university study without earning a degree,Mathematics or statistics,20 to 99 employees,Back-end developer;Data or business analyst;Data scientist or machine learning specialist;Database administrator;Desktop or enterprise applications developer;DevOps specialist;Embedded applications or devices developer;Front-end developer;Full-stack developer;Game or graphics developer;Marketing or sales professional;Mobile developer;Product manager;QA or test developer;System administrator,24-26 years,85000.0,Yearly,85000.0
Yes,Yes,United States,No,Employed full-time,"Bachelor’s degree (BA, BS, B.Eng., etc.)","Computer science, computer engineering, or software engineering",100 to 499 employees,Back-end developer;Data scientist or machine learning specialist;Educator or academic researcher;System administrator,24-26 years,160000.0,,160000.0
Yes,No,United States,No,Employed full-time,"Master’s degree (MA, MS, M.Eng., MBA, etc.)","A natural science (ex. biology, chemistry, physics)","10,000 or more employees",Data or business analyst;Data scientist or machine learning specialist;Desktop or enterprise applications developer;Front-end developer,3-5 years,113000.0,Yearly,113000.0
Yes,No,United States,No,Employed full-time,"Bachelor’s degree (BA, BS, B.Eng., etc.)","Computer science, computer engineering, or software engineering",20 to 99 employees,Back-end developer;Data scientist or machine learning specialist;Database administrator;Designer;Embedded applications or devices developer;Front-end developer;Full-stack developer;Mobile developer;System administrator,24-26 years,75000.0,,75000.0
Yes,Yes,United States,No,Employed full-time,"Other doctoral degree (Ph.D, Ed.D., etc.)","Computer science, computer engineering, or software engineering","10,000 or more employees",Data or business analyst;Data scientist or machine learning specialist,24-26 years,130000.0,Yearly,130000.0
Yes,Yes,United States,No,Employed full-time,"Master’s degree (MA, MS, M.Eng., MBA, etc.)","Computer science, computer engineering, or software engineering","5,000 to 9,999 employees",Back-end developer;Data scientist or machine learning specialist;DevOps specialist;Educator or academic researcher;Engineering manager;System administrator,24-26 years,180000.0,Yearly,180000.0
Yes,No,United States,No,Employed full-time,"Other doctoral degree (Ph.D, Ed.D., etc.)","Computer science, computer engineering, or software engineering","10,000 or more employees",Data scientist or machine learning specialist;Front-end developer,24-26 years,350000.0,Yearly,350000.0
Yes,Yes,United States,No,Employed full-time,"Bachelor’s degree (BA, BS, B.Eng., etc.)","A business discipline (ex. accounting, finance, marketing)",Fewer than 10 employees,"Back-end developer;C-suite executive (CEO, CTO, etc.);Data scientist or machine learning specialist;Database administrator;Designer;Desktop or enterprise applications developer;Front-end developer;Full-stack developer;QA or test developer",15-17 years,140000.0,Yearly,140000.0
Yes,No,United States,No,Employed full-time,"Master’s degree (MA, MS, M.Eng., MBA, etc.)","Computer science, computer engineering, or software engineering",100 to 499 employees,Back-end developer;Data or business analyst;Data scientist or machine learning specialist;Database administrator;DevOps specialist;Full-stack developer,15-17 years,145000.0,,145000.0
No,Yes,United States,No,Employed full-time,"Bachelor’s degree (BA, BS, B.Eng., etc.)",Mathematics or statistics,20 to 99 employees,Back-end developer;Data scientist or machine learning specialist,24-26 years,275000.0,Yearly,275000.0
Yes,No,United States,No,Employed full-time,"Bachelor’s degree (BA, BS, B.Eng., etc.)","Computer science, computer engineering, or software engineering",20 to 99 employees,Data scientist or machine learning specialist;Full-stack developer,6-8 years,110000.0,Yearly,110000.0
Yes,No,United States,No,Employed full-time,"Bachelor’s degree (BA, BS, B.Eng., etc.)",Mathematics or statistics,"1,000 to 4,999 employees",Back-end developer;Data scientist or machine learning specialist,3-5 years,89500.0,Yearly,89500.0
Yes,No,United States,No,Employed full-time,"Bachelor’s degree (BA, BS, B.Eng., etc.)","Computer science, computer engineering, or software engineering","10,000 or more employees",Back-end developer;Data scientist or machine learning specialist;Designer,6-8 years,103000.0,Yearly,103000.0
Yes,Yes,United States,No,Employed full-time,"Bachelor’s degree (BA, BS, B.Eng., etc.)","Computer science, computer engineering, or software engineering","10,000 or more employees",Data or business analyst;Data scientist or machine learning specialist,9-11 years,80000.0,Yearly,80000.0
Yes,Yes,United States,No,Employed full-time,"Other doctoral degree (Ph.D, Ed.D., etc.)","Another engineering discipline (ex. civil, electrical, mechanical)",20 to 99 employees,Data scientist or machine learning specialist;Educator or academic researcher;Engineering manager,30 or more years,130000.0,Yearly,130000.0
Yes,No,United States,No,Employed full-time,"Master’s degree (MA, MS, M.Eng., MBA, etc.)","Computer science, computer engineering, or software engineering",20 to 99 employees,Data scientist or machine learning specialist,15-17 years,175000.0,Yearly,175000.0
Yes,Yes,United States,"Yes, part-time",Employed full-time,"Secondary school (e.g. American high school, German Realschule or Gymnasium, etc.)",,100 to 499 employees,Back-end developer;Data scientist or machine learning specialist;Database administrator;Front-end developer;Full-stack developer;System administrator,3-5 years,150000.0,Yearly,150000.0
Yes,Yes,United States,No,Employed full-time,"Other doctoral degree (Ph.D, Ed.D., etc.)","A natural science (ex. biology, chemistry, physics)",20 to 99 employees,Back-end developer;Data scientist or machine learning specialist;Desktop or enterprise applications developer;Front-end developer;Full-stack developer,15-17 years,90000.0,Yearly,90000.0
No,No,United States,No,Employed full-time,"Master’s degree (MA, MS, M.Eng., MBA, etc.)","Computer science, computer engineering, or software engineering","10,000 or more employees",Back-end developer;Data scientist or machine learning specialist,18-20 years,108000.0,Yearly,108000.0
Yes,No,United States,No,Employed full-time,"Bachelor’s degree (BA, BS, B.Eng., etc.)","A natural science (ex. biology, chemistry, physics)","5,000 to 9,999 employees",Data or business analyst;Data scientist or machine learning specialist,9-11 years,70000.0,Yearly,70000.0
Yes,Yes,United States,No,Employed full-time,Some college/university study without earning a degree,"Computer science, computer engineering, or software engineering","1,000 to 4,999 employees",Back-end developer;Data scientist or machine learning specialist;Engineering manager;Front-end developer;Full-stack developer,15-17 years,180939.0,Yearly,180939.0
Yes,No,United States,No,Employed full-time,"Bachelor’s degree (BA, BS, B.Eng., etc.)","Another engineering discipline (ex. civil, electrical, mechanical)",100 to 499 employees,Data scientist or machine learning specialist;Engineering manager,15-17 years,170000.0,Yearly,170000.0
Yes,No,United States,No,Employed full-time,"Master’s degree (MA, MS, M.Eng., MBA, etc.)","A business discipline (ex. accounting, finance, marketing)","10,000 or more employees",Back-end developer;Data scientist or machine learning specialist;DevOps specialist,18-20 years,130000.0,Yearly,130000.0
No,No,United States,No,Employed full-time,Some college/university study without earning a degree,"Information systems, information technology, or system administration","1,000 to 4,999 employees","Back-end developer;C-suite executive (CEO, CTO, etc.);Data or business analyst;Data scientist or machine learning specialist;Database administrator;Designer;Desktop or enterprise applications developer;DevOps specialist;Engineering manager;Front-end developer;Full-stack developer;Marketing or sales professional;QA or test developer;System administrator",24-26 years,155000.0,Yearly,155000.0
Yes,Yes,United States,"Yes, part-time",Employed full-time,"Bachelor’s degree (BA, BS, B.Eng., etc.)","Computer science, computer engineering, or software engineering",20 to 99 employees,Back-end developer;Data scientist or machine learning specialist;Database administrator;Designer;Game or graphics developer,12-14 years,63000.0,Yearly,63000.0
Yes,No,United States,No,Employed full-time,"Bachelor’s degree (BA, BS, B.Eng., etc.)","Another engineering discipline (ex. civil, electrical, mechanical)","1,000 to 4,999 employees",Back-end developer;Data scientist or machine learning specialist;Desktop or enterprise applications developer,9-11 years,66000.0,Yearly,66000.0
Yes,Yes,United States,No,Employed full-time,"Master’s degree (MA, MS, M.Eng., MBA, etc.)","Computer science, computer engineering, or software engineering","10,000 or more employees",Data scientist or machine learning specialist;DevOps specialist;Full-stack developer,3-5 years,1400.0,Weekly,70000.0
Yes,No,United States,No,Employed full-time,"Bachelor’s degree (BA, BS, B.Eng., etc.)","Computer science, computer engineering, or software engineering",Fewer than 10 employees,Back-end developer;Data scientist or machine learning specialist;Educator or academic researcher;Full-stack developer;Mobile developer,6-8 years,42000.0,Yearly,42000.0
Yes,Yes,United States,No,Employed full-time,"Other doctoral degree (Ph.D, Ed.D., etc.)",Mathematics or statistics,20 to 99 employees,Data or business analyst;Data scientist or machine learning specialist;Database administrator;Designer;Desktop or enterprise applications developer,15-17 years,60000.0,,60000.0
Yes,Yes,United States,No,Employed full-time,"Other doctoral degree (Ph.D, Ed.D., etc.)","A natural science (ex. biology, chemistry, physics)",20 to 99 employees,Back-end developer;Data scientist or machine learning specialist;Engineering manager;Full-stack developer,15-17 years,110000.0,Yearly,110000.0
Yes,No,United States,"Yes, part-time",Employed full-time,"Master’s degree (MA, MS, M.Eng., MBA, etc.)",Mathematics or statistics,"10,000 or more employees",Back-end developer;Data scientist or machine learning specialist;Engineering manager,15-17 years,145000.0,Yearly,145000.0
Yes,Yes,United States,"Yes, part-time",Employed full-time,Some college/university study without earning a degree,I never declared a major,100 to 499 employees,Data scientist or machine learning specialist,6-8 years,65000.0,Yearly,65000.0
Yes,Yes,United States,"Yes, part-time",Employed full-time,"Bachelor’s degree (BA, BS, B.Eng., etc.)","Another engineering discipline (ex. civil, electrical, mechanical)","1,000 to 4,999 employees",Data or business analyst;Data scientist or machine learning specialist;Database administrator,6-8 years,90000.0,Yearly,90000.0
Yes,Yes,United States,No,Employed full-time,Some college/university study without earning a degree,"Another engineering discipline (ex. civil, electrical, mechanical)",20 to 99 employees,Back-end developer;Data scientist or machine learning specialist;DevOps specialist;Embedded applications or devices developer;Engineering manager;Full-stack developer;System administrator,12-14 years,160000.0,Yearly,160000.0
Yes,Yes,United States,No,Employed full-time,"Bachelor’s degree (BA, BS, B.Eng., etc.)","Computer science, computer engineering, or software engineering",20 to 99 employees,Data or business analyst;Data scientist or machine learning specialist;Database administrator;Designer;Desktop or enterprise applications developer;Embedded applications or devices developer;Full-stack developer;System administrator,30 or more years,150000.0,Yearly,150000.0
Yes,No,United States,No,Employed full-time,"Bachelor’s degree (BA, BS, B.Eng., etc.)",Mathematics or statistics,"10,000 or more employees",Data or business analyst;Data scientist or machine learning specialist,0-2 years,53600.0,Yearly,53600.0
Yes,No,United States,No,Employed full-time,"Other doctoral degree (Ph.D, Ed.D., etc.)","Computer science, computer engineering, or software engineering","10,000 or more employees",Data scientist or machine learning specialist,9-11 years,118000.0,,118000.0
Yes,Yes,United States,No,Employed full-time,"Bachelor’s degree (BA, BS, B.Eng., etc.)",Mathematics or statistics,Fewer than 10 employees,Data scientist or machine learning specialist,3-5 years,55000.0,,55000.0
Yes,No,United States,"Yes, full-time",Employed full-time,"Master’s degree (MA, MS, M.Eng., MBA, etc.)","A social science (ex. anthropology, psychology, political science)",10 to 19 employees,Data scientist or machine learning specialist,9-11 years,130000.0,Yearly,130000.0
Yes,Yes,United States,No,Employed full-time,"Other doctoral degree (Ph.D, Ed.D., etc.)",Mathematics or statistics,500 to 999 employees,Data scientist or machine learning specialist,30 or more years,200000.0,Yearly,200000.0
Yes,No,United States,No,Employed full-time,"Bachelor’s degree (BA, BS, B.Eng., etc.)","A social science (ex. anthropology, psychology, political science)",100 to 499 employees,Data or business analyst;Data scientist or machine learning specialist;Database administrator,15-17 years,64000.0,Yearly,64000.0
Yes,Yes,United States,No,Employed full-time,"Bachelor’s degree (BA, BS, B.Eng., etc.)","A humanities discipline (ex. literature, history, philosophy)",20 to 99 employees,Back-end developer;Data scientist or machine learning specialist,6-8 years,135000.0,Yearly,135000.0
No,No,United States,No,Employed full-time,Some college/university study without earning a degree,"A social science (ex. anthropology, psychology, political science)",100 to 499 employees,Data scientist or machine learning specialist;Database administrator,6-8 years,47500.0,Yearly,47500.0
Yes,Yes,United States,No,Employed full-time,"Bachelor’s degree (BA, BS, B.Eng., etc.)","Computer science, computer engineering, or software engineering",Fewer than 10 employees,Back-end developer;Data scientist or machine learning specialist;Engineering manager;Front-end developer;Full-stack developer;QA or test developer,9-11 years,145000.0,Yearly,145000.0
Yes,Yes,United States,No,Employed full-time,"Bachelor’s degree (BA, BS, B.Eng., etc.)","Computer science, computer engineering, or software engineering","10,000 or more employees",Back-end developer;Data or business analyst;Data scientist or machine learning specialist;Database administrator;Designer;Desktop or enterprise applications developer;DevOps specialist;Front-end developer;System administrator,9-11 years,112000.0,Yearly,112000.0
Yes,Yes,United States,No,Employed full-time,"Other doctoral degree (Ph.D, Ed.D., etc.)","Computer science, computer engineering, or software engineering","10,000 or more employees",Data scientist or machine learning specialist;Educator or academic researcher;Game or graphics developer,12-14 years,150000.0,Yearly,150000.0
Yes,Yes,United States,No,Employed full-time,"Master’s degree (MA, MS, M.Eng., MBA, etc.)","A natural science (ex. biology, chemistry, physics)",100 to 499 employees,Back-end developer;Data scientist or machine learning specialist,24-26 years,110000.0,Yearly,110000.0
Yes,Yes,United States,"Yes, full-time",Employed full-time,"Master’s degree (MA, MS, M.Eng., MBA, etc.)","Computer science, computer engineering, or software engineering",20 to 99 employees,"C-suite executive (CEO, CTO, etc.);Data scientist or machine learning specialist;DevOps specialist;Engineering manager;Full-stack developer",27-29 years,250000.0,Yearly,250000.0
Yes,No,United States,No,Employed full-time,"Master’s degree (MA, MS, M.Eng., MBA, etc.)",Mathematics or statistics,500 to 999 employees,Data scientist or machine learning specialist,3-5 years,85000.0,,85000.0
Yes,Yes,United States,No,Employed full-time,"Bachelor’s degree (BA, BS, B.Eng., etc.)","Computer science, computer engineering, or software engineering","10,000 or more employees",Back-end developer;Data or business analyst;Data scientist or machine learning specialist,3-5 years,94000.0,Yearly,94000.0
Yes,Yes,United States,"Yes, part-time",Employed full-time,"Bachelor’s degree (BA, BS, B.Eng., etc.)","Computer science, computer engineering, or software engineering","1,000 to 4,999 employees",Data scientist or machine learning specialist;Embedded applications or devices developer;Student,9-11 years,79032.5,Yearly,79032.0
Yes,No,United States,No,Employed full-time,"Bachelor’s degree (BA, BS, B.Eng., etc.)",Mathematics or statistics,"1,000 to 4,999 employees",Back-end developer;Data scientist or machine learning specialist;DevOps specialist;System administrator,15-17 years,177000.0,Yearly,177000.0
Yes,Yes,United States,No,Employed full-time,"Bachelor’s degree (BA, BS, B.Eng., etc.)","A social science (ex. anthropology, psychology, political science)",20 to 99 employees,Data or business analyst;Data scientist or machine learning specialist;Educator or academic researcher,0-2 years,52000.0,Yearly,52000.0
No,No,United States,No,Employed full-time,"Other doctoral degree (Ph.D, Ed.D., etc.)","Information systems, information technology, or system administration","10,000 or more employees",Data scientist or machine learning specialist;Full-stack developer,24-26 years,99000.0,Yearly,99000.0
Yes,Yes,United States,No,Employed full-time,"Bachelor’s degree (BA, BS, B.Eng., etc.)","Computer science, computer engineering, or software engineering",20 to 99 employees,Data scientist or machine learning specialist,6-8 years,120000.0,,120000.0
Yes,Yes,United States,No,Employed full-time,Some college/university study without earning a degree,"Another engineering discipline (ex. civil, electrical, mechanical)",10 to 19 employees,"Back-end developer;C-suite executive (CEO, CTO, etc.);Data scientist or machine learning specialist;Engineering manager;Full-stack developer;Product manager",6-8 years,60000.0,Yearly,60000.0
No,Yes,United States,No,Employed full-time,"Other doctoral degree (Ph.D, Ed.D., etc.)","A natural science (ex. biology, chemistry, physics)","10,000 or more employees",Data scientist or machine learning specialist;Educator or academic researcher,6-8 years,94000.0,Yearly,94000.0
Yes,No,United States,No,Employed full-time,"Bachelor’s degree (BA, BS, B.Eng., etc.)","Fine arts or performing arts (ex. graphic design, music, studio art)",100 to 499 employees,Back-end developer;Data scientist or machine learning specialist;Database administrator,6-8 years,115000.0,,115000.0
Yes,No,United States,No,Employed full-time,"Bachelor’s degree (BA, BS, B.Eng., etc.)","Another engineering discipline (ex. civil, electrical, mechanical)",10 to 19 employees,Back-end developer;Data or business analyst;Data scientist or machine learning specialist;Database administrator,21-23 years,130000.0,,130000.0
Yes,No,United States,No,Employed full-time,"Other doctoral degree (Ph.D, Ed.D., etc.)","Another engineering discipline (ex. civil, electrical, mechanical)",100 to 499 employees,Data scientist or machine learning specialist;Desktop or enterprise applications developer;DevOps specialist;Front-end developer,30 or more years,380000.0,Yearly,380000.0
Yes,No,United States,No,Employed full-time,"Master’s degree (MA, MS, M.Eng., MBA, etc.)","Another engineering discipline (ex. civil, electrical, mechanical)",100 to 499 employees,Data scientist or machine learning specialist,3-5 years,195000.0,Yearly,195000.0
Yes,Yes,United States,No,Employed full-time,"Other doctoral degree (Ph.D, Ed.D., etc.)","A natural science (ex. biology, chemistry, physics)",20 to 99 employees,Back-end developer;Data scientist or machine learning specialist;System administrator,30 or more years,175000.0,Weekly,2000000.0
Yes,Yes,United States,No,Employed full-time,"Bachelor’s degree (BA, BS, B.Eng., etc.)","A humanities discipline (ex. literature, history, philosophy)",Fewer than 10 employees,Back-end developer;Data or business analyst;Data scientist or machine learning specialist;Designer;DevOps specialist;Front-end developer;Full-stack developer,3-5 years,120000.0,Yearly,120000.0
Yes,Yes,United States,No,Employed full-time,"Master’s degree (MA, MS, M.Eng., MBA, etc.)","Another engineering discipline (ex. civil, electrical, mechanical)",10 to 19 employees,"C-suite executive (CEO, CTO, etc.);Data scientist or machine learning specialist;DevOps specialist;Engineering manager",12-14 years,110000.0,Yearly,110000.0
Yes,Yes,United States,No,Employed full-time,"Other doctoral degree (Ph.D, Ed.D., etc.)",Mathematics or statistics,100 to 499 employees,Data or business analyst;Data scientist or machine learning specialist;Educator or academic researcher,6-8 years,165000.0,Weekly,2000000.0
Yes,Yes,United States,No,Employed full-time,"Bachelor’s degree (BA, BS, B.Eng., etc.)","Information systems, information technology, or system administration","1,000 to 4,999 employees",Back-end developer;Data scientist or machine learning specialist;DevOps specialist,6-8 years,145000.0,Yearly,145000.0
Yes,Yes,United States,"Yes, full-time",Employed full-time,"Bachelor’s degree (BA, BS, B.Eng., etc.)","A natural science (ex. biology, chemistry, physics)",Fewer than 10 employees,Data scientist or machine learning specialist;Educator or academic researcher;Student,3-5 years,34000.0,Yearly,34000.0
Yes,No,United States,No,Employed full-time,"Bachelor’s degree (BA, BS, B.Eng., etc.)","A humanities discipline (ex. literature, history, philosophy)",20 to 99 employees,Data scientist or machine learning specialist;Full-stack developer,6-8 years,125000.0,Yearly,125000.0
Yes,Yes,United States,No,Employed full-time,"Other doctoral degree (Ph.D, Ed.D., etc.)","Another engineering discipline (ex. civil, electrical, mechanical)",Fewer than 10 employees,Back-end developer;Data scientist or machine learning specialist;Database administrator;Designer;Front-end developer;Full-stack developer;Mobile developer;System administrator,30 or more years,160000.0,Yearly,160000.0
Yes,Yes,United States,No,Employed full-time,"Master’s degree (MA, MS, M.Eng., MBA, etc.)","A natural science (ex. biology, chemistry, physics)","1,000 to 4,999 employees",Data or business analyst;Data scientist or machine learning specialist;Front-end developer,3-5 years,70000.0,Yearly,70000.0
Yes,No,United States,"Yes, full-time",Employed full-time,"Bachelor’s degree (BA, BS, B.Eng., etc.)",,10 to 19 employees,Back-end developer;Data scientist or machine learning specialist;Full-stack developer;Student,6-8 years,80000.0,,80000.0
Yes,Yes,United States,No,Employed full-time,"Other doctoral degree (Ph.D, Ed.D., etc.)","Another engineering discipline (ex. civil, electrical, mechanical)","10,000 or more employees",Data scientist or machine learning specialist,30 or more years,124000.0,Yearly,124000.0
Yes,Yes,United States,"Yes, full-time",Employed full-time,"Master’s degree (MA, MS, M.Eng., MBA, etc.)",Mathematics or statistics,100 to 499 employees,Data scientist or machine learning specialist;DevOps specialist,9-11 years,75000.0,Yearly,75000.0
Yes,No,United States,No,Employed full-time,Some college/university study without earning a degree,"Computer science, computer engineering, or software engineering","10,000 or more employees",Data scientist or machine learning specialist,9-11 years,180000.0,,180000.0
Yes,Yes,United States,No,Employed full-time,"Master’s degree (MA, MS, M.Eng., MBA, etc.)","Another engineering discipline (ex. civil, electrical, mechanical)",Fewer than 10 employees,Data scientist or machine learning specialist,6-8 years,76000.0,Yearly,76000.0
Yes,Yes,United States,No,Employed full-time,"Other doctoral degree (Ph.D, Ed.D., etc.)","A natural science (ex. biology, chemistry, physics)",100 to 499 employees,Data scientist or machine learning specialist,15-17 years,100000.0,Yearly,900.0
No,No,United States,No,Employed full-time,"Master’s degree (MA, MS, M.Eng., MBA, etc.)","Computer science, computer engineering, or software engineering","10,000 or more employees",Back-end developer;Data scientist or machine learning specialist;Front-end developer;Full-stack developer;Mobile developer;System administrator,15-17 years,87500.0,Yearly,87500.0
Yes,Yes,United States,No,Employed full-time,"Other doctoral degree (Ph.D, Ed.D., etc.)","A natural science (ex. biology, chemistry, physics)",100 to 499 employees,"Back-end developer;C-suite executive (CEO, CTO, etc.);Data scientist or machine learning specialist;DevOps specialist;Educator or academic researcher;Front-end developer;Full-stack developer;Mobile developer;System administrator",18-20 years,165000.0,Yearly,165000.0
Yes,No,United States,No,Employed full-time,"Master’s degree (MA, MS, M.Eng., MBA, etc.)","Computer science, computer engineering, or software engineering","10,000 or more employees",Back-end developer;Data scientist or machine learning specialist;Desktop or enterprise applications developer,15-17 years,135000.0,Yearly,135000.0
Yes,No,United States,No,Employed full-time,"Bachelor’s degree (BA, BS, B.Eng., etc.)","Another engineering discipline (ex. civil, electrical, mechanical)",20 to 99 employees,Data scientist or machine learning specialist;Embedded applications or devices developer,3-5 years,110000.0,Yearly,110000.0
Yes,Yes,United States,No,Employed full-time,"Master’s degree (MA, MS, M.Eng., MBA, etc.)","Another engineering discipline (ex. civil, electrical, mechanical)","1,000 to 4,999 employees",Back-end developer;Data scientist or machine learning specialist;Desktop or enterprise applications developer,9-11 years,97000.0,Yearly,97000.0
No,Yes,United States,No,Employed full-time,"Other doctoral degree (Ph.D, Ed.D., etc.)","A natural science (ex. biology, chemistry, physics)",100 to 499 employees,Back-end developer;Data scientist or machine learning specialist,6-8 years,110000.0,Yearly,110000.0
Yes,Yes,United States,No,Employed full-time,"Master’s degree (MA, MS, M.Eng., MBA, etc.)","A natural science (ex. biology, chemistry, physics)","10,000 or more employees",Data or business analyst;Data scientist or machine learning specialist;Educator or academic researcher,3-5 years,83000.0,Yearly,83000.0
No,Yes,United States,No,Employed full-time,"Master’s degree (MA, MS, M.Eng., MBA, etc.)",,20 to 99 employees,Data scientist or machine learning specialist,21-23 years,140000.0,,140000.0
Yes,Yes,United States,No,Employed full-time,"Master’s degree (MA, MS, M.Eng., MBA, etc.)","A social science (ex. anthropology, psychology, political science)",100 to 499 employees,Data or business analyst;Data scientist or machine learning specialist,6-8 years,110000.0,,110000.0
No,No,United States,"Yes, full-time",Employed part-time,"Master’s degree (MA, MS, M.Eng., MBA, etc.)","Fine arts or performing arts (ex. graphic design, music, studio art)",Fewer than 10 employees,Data scientist or machine learning specialist;Educator or academic researcher;Student,9-11 years,100000.0,,100000.0
Yes,No,United States,No,Employed full-time,"Master’s degree (MA, MS, M.Eng., MBA, etc.)","A humanities discipline (ex. literature, history, philosophy)",100 to 499 employees,Data scientist or machine learning specialist;Full-stack developer,6-8 years,87000.0,Yearly,87000.0
No,No,United States,,Employed full-time,Some college/university study without earning a degree,"Computer science, computer engineering, or software engineering","10,000 or more employees",Data scientist or machine learning specialist,12-14 years,47000.0,Yearly,47000.0
Yes,Yes,United States,"Yes, full-time",Employed full-time,"Master’s degree (MA, MS, M.Eng., MBA, etc.)","A social science (ex. anthropology, psychology, political science)","1,000 to 4,999 employees",Back-end developer;Data or business analyst;Data scientist or machine learning specialist;Educator or academic researcher;Front-end developer;Full-stack developer,6-8 years,64000.0,Yearly,64000.0
Yes,No,United States,No,Employed full-time,"Bachelor’s degree (BA, BS, B.Eng., etc.)","A social science (ex. anthropology, psychology, political science)",Fewer than 10 employees,Data or business analyst;Data scientist or machine learning specialist,3-5 years,52000.0,Yearly,52000.0
Yes,Yes,United States,No,Employed full-time,"Master’s degree (MA, MS, M.Eng., MBA, etc.)","Fine arts or performing arts (ex. graphic design, music, studio art)",10 to 19 employees,Data scientist or machine learning specialist;Designer;Front-end developer;Full-stack developer;Product manager,9-11 years,135000.0,Yearly,135000.0
Yes,No,United States,No,Employed full-time,"Master’s degree (MA, MS, M.Eng., MBA, etc.)","Computer science, computer engineering, or software engineering",100 to 499 employees,Back-end developer;Data or business analyst;Data scientist or machine learning specialist,15-17 years,120000.0,Yearly,120000.0
Yes,Yes,United States,No,Employed full-time,"Bachelor’s degree (BA, BS, B.Eng., etc.)","Computer science, computer engineering, or software engineering","10,000 or more employees",Back-end developer;Data or business analyst;Data scientist or machine learning specialist;Front-end developer;Full-stack developer;Product manager,9-11 years,190000.0,Yearly,190000.0
Yes,No,United States,No,Employed full-time,"Other doctoral degree (Ph.D, Ed.D., etc.)","A natural science (ex. biology, chemistry, physics)","1,000 to 4,999 employees",Back-end developer;Data scientist or machine learning specialist,6-8 years,150000.0,,150000.0
No,Yes,United States,"Yes, full-time",Employed part-time,"Master’s degree (MA, MS, M.Eng., MBA, etc.)","A natural science (ex. biology, chemistry, physics)","10,000 or more employees",Data scientist or machine learning specialist,3-5 years,70000.0,Weekly,2000000.0
Yes,No,United States,No,Employed full-time,"Other doctoral degree (Ph.D, Ed.D., etc.)","Computer science, computer engineering, or software engineering",100 to 499 employees,Back-end developer;Data or business analyst;Data scientist or machine learning specialist;Database administrator;Educator or academic researcher;Full-stack developer;Product manager;System administrator,30 or more years,90000.0,Yearly,90000.0
Yes,Yes,United States,No,Employed full-time,"Bachelor’s degree (BA, BS, B.Eng., etc.)",Mathematics or statistics,20 to 99 employees,Back-end developer;Data scientist or machine learning specialist,3-5 years,95000.0,Yearly,95000.0
Yes,No,United States,"Yes, full-time",Employed full-time,"Bachelor’s degree (BA, BS, B.Eng., etc.)","A natural science (ex. biology, chemistry, physics)",Fewer than 10 employees,Data scientist or machine learning specialist;Student,3-5 years,33000.0,Yearly,33000.0
Yes,Yes,United States,No,Employed full-time,"Bachelor’s degree (BA, BS, B.Eng., etc.)",Mathematics or statistics,10 to 19 employees,Data or business analyst;Data scientist or machine learning specialist;Product manager,3-5 years,87000.0,Yearly,87000.0
Yes,No,United States,No,Employed full-time,"Other doctoral degree (Ph.D, Ed.D., etc.)","Computer science, computer engineering, or software engineering","1,000 to 4,999 employees",Data scientist or machine learning specialist;Desktop or enterprise applications developer;Game or graphics developer,24-26 years,162000.0,,162000.0
No,No,United States,No,Employed full-time,"Master’s degree (MA, MS, M.Eng., MBA, etc.)",Mathematics or statistics,20 to 99 employees,Data or business analyst;Data scientist or machine learning specialist;Database administrator,6-8 years,66000.0,Yearly,66000.0
Yes,Yes,United States,"Yes, part-time",Employed full-time,"Master’s degree (MA, MS, M.Eng., MBA, etc.)","A social science (ex. anthropology, psychology, political science)","5,000 to 9,999 employees",Data scientist or machine learning specialist,3-5 years,185000.0,Yearly,185000.0
No,No,United States,No,Employed full-time,"Bachelor’s degree (BA, BS, B.Eng., etc.)","A humanities discipline (ex. literature, history, philosophy)","5,000 to 9,999 employees",Back-end developer;Data or business analyst;Data scientist or machine learning specialist;Database administrator;System administrator,27-29 years,110.0,Yearly,110.0
Yes,Yes,United States,No,Employed full-time,"Other doctoral degree (Ph.D, Ed.D., etc.)","A natural science (ex. biology, chemistry, physics)",100 to 499 employees,Back-end developer;Data scientist or machine learning specialist,12-14 years,120000.0,Yearly,120000.0
Yes,No,United States,No,Employed full-time,"Bachelor’s degree (BA, BS, B.Eng., etc.)","A natural science (ex. biology, chemistry, physics)","1,000 to 4,999 employees",Data scientist or machine learning specialist;Database administrator,3-5 years,45000.0,Yearly,45000.0
Yes,Yes,United States,"Yes, full-time",Employed full-time,"Master’s degree (MA, MS, M.Eng., MBA, etc.)","A natural science (ex. biology, chemistry, physics)",Fewer than 10 employees,Data scientist or machine learning specialist;Student;System administrator,9-11 years,28000.0,,28000.0
Yes,No,United States,No,Employed full-time,"Other doctoral degree (Ph.D, Ed.D., etc.)","Another engineering discipline (ex. civil, electrical, mechanical)","1,000 to 4,999 employees",Data or business analyst;Data scientist or machine learning specialist,6-8 years,78780.0,Yearly,78780.0
Yes,No,United States,"Yes, part-time",Employed full-time,Associate degree,"Computer science, computer engineering, or software engineering",100 to 499 employees,Back-end developer;Data or business analyst;Data scientist or machine learning specialist;Database administrator;Designer;Desktop or enterprise applications developer;Embedded applications or devices developer;Front-end developer;Full-stack developer;QA or test developer;System administrator,3-5 years,31000.0,Yearly,31000.0
Yes,No,United States,No,Employed full-time,"Other doctoral degree (Ph.D, Ed.D., etc.)",Mathematics or statistics,10 to 19 employees,Data scientist or machine learning specialist,15-17 years,129000.0,Yearly,129000.0
Yes,No,United States,No,Employed full-time,"Master’s degree (MA, MS, M.Eng., MBA, etc.)","A social science (ex. anthropology, psychology, political science)","5,000 to 9,999 employees",Data scientist or machine learning specialist,9-11 years,225000.0,Yearly,225000.0
Yes,Yes,United States,No,Employed full-time,"Bachelor’s degree (BA, BS, B.Eng., etc.)","Computer science, computer engineering, or software engineering",20 to 99 employees,Back-end developer;Data or business analyst;Data scientist or machine learning specialist;Database administrator;Full-stack developer;Mobile developer,9-11 years,81000.0,Yearly,81000.0
Yes,Yes,United States,No,Employed full-time,"Bachelor’s degree (BA, BS, B.Eng., etc.)","Computer science, computer engineering, or software engineering","5,000 to 9,999 employees",Back-end developer;Data scientist or machine learning specialist;Full-stack developer,6-8 years,78000.0,Yearly,78000.0
Yes,No,United States,No,Employed full-time,"Bachelor’s degree (BA, BS, B.Eng., etc.)",Mathematics or statistics,"5,000 to 9,999 employees",Data or business analyst;Data scientist or machine learning specialist,3-5 years,80000.0,Yearly,80000.0
Yes,No,United States,No,Employed full-time,"Bachelor’s degree (BA, BS, B.Eng., etc.)",Mathematics or statistics,"10,000 or more employees",Data or business analyst;Data scientist or machine learning specialist;Full-stack developer,6-8 years,86000.0,Yearly,86000.0
Yes,Yes,United States,No,Employed full-time,"Master’s degree (MA, MS, M.Eng., MBA, etc.)","A social science (ex. anthropology, psychology, political science)",20 to 99 employees,Data or business analyst;Data scientist or machine learning specialist,6-8 years,95000.0,,95000.0
Yes,Yes,United States,No,Employed full-time,"Master’s degree (MA, MS, M.Eng., MBA, etc.)","Computer science, computer engineering, or software engineering","10,000 or more employees",Back-end developer;Data scientist or machine learning specialist;DevOps specialist;Engineering manager;Product manager,18-20 years,135000.0,,135000.0
Yes,No,United States,No,Employed full-time,"Bachelor’s degree (BA, BS, B.Eng., etc.)","A natural science (ex. biology, chemistry, physics)",20 to 99 employees,Back-end developer;Data scientist or machine learning specialist,21-23 years,120000.0,Yearly,120000.0
Yes,Yes,United States,No,Employed full-time,"Master’s degree (MA, MS, M.Eng., MBA, etc.)",Mathematics or statistics,20 to 99 employees,Data scientist or machine learning specialist,6-8 years,115000.0,Yearly,115000.0
Yes,No,United States,No,Employed full-time,"Master’s degree (MA, MS, M.Eng., MBA, etc.)",Mathematics or statistics,"10,000 or more employees",Data or business analyst;Data scientist or machine learning specialist;Database administrator;Designer;Front-end developer,6-8 years,87000.0,Monthly,1044000.0
Yes,Yes,United States,"Yes, full-time",Employed part-time,"Master’s degree (MA, MS, M.Eng., MBA, etc.)","A social science (ex. anthropology, psychology, political science)",20 to 99 employees,Back-end developer;Data scientist or machine learning specialist;Educator or academic researcher;Full-stack developer;Student;System administrator,3-5 years,25000.0,Yearly,25000.0
Yes,Yes,United States,No,Employed full-time,"Master’s degree (MA, MS, M.Eng., MBA, etc.)","Computer science, computer engineering, or software engineering","5,000 to 9,999 employees",Data scientist or machine learning specialist,3-5 years,140000.0,,140000.0
No,Yes,United States,"Yes, part-time",Employed full-time,"Bachelor’s degree (BA, BS, B.Eng., etc.)","Computer science, computer engineering, or software engineering","10,000 or more employees",Back-end developer;Data scientist or machine learning specialist;Desktop or enterprise applications developer;Full-stack developer,6-8 years,97500.0,Yearly,97500.0
No,Yes,United States,"Yes, part-time",Employed full-time,"Master’s degree (MA, MS, M.Eng., MBA, etc.)","Fine arts or performing arts (ex. graphic design, music, studio art)","10,000 or more employees",Back-end developer;Data or business analyst;Data scientist or machine learning specialist;Educator or academic researcher;Front-end developer;Full-stack developer;Student,3-5 years,70001.0,Yearly,70001.0
Yes,Yes,United States,No,Employed full-time,"Bachelor’s degree (BA, BS, B.Eng., etc.)","Another engineering discipline (ex. civil, electrical, mechanical)","5,000 to 9,999 employees",Data scientist or machine learning specialist;QA or test developer,9-11 years,141000.0,Yearly,141000.0
No,No,United States,No,Employed full-time,"Bachelor’s degree (BA, BS, B.Eng., etc.)","Computer science, computer engineering, or software engineering",100 to 499 employees,Back-end developer;Data scientist or machine learning specialist;Database administrator;Designer;Desktop or enterprise applications developer;DevOps specialist;Engineering manager;Front-end developer;Full-stack developer;System administrator,9-11 years,60000.0,Yearly,60000.0
Yes,Yes,United States,"Yes, full-time",Employed full-time,Some college/university study without earning a degree,"Computer science, computer engineering, or software engineering",Fewer than 10 employees,Back-end developer;Data scientist or machine learning specialist;Database administrator;Designer;Desktop or enterprise applications developer;DevOps specialist;Engineering manager;Front-end developer;Full-stack developer;Game or graphics developer;Mobile developer;Product manager;QA or test developer;System administrator,18-20 years,150000.0,Yearly,150000.0
Yes,Yes,United States,No,Employed full-time,"Other doctoral degree (Ph.D, Ed.D., etc.)","Another engineering discipline (ex. civil, electrical, mechanical)","10,000 or more employees",Data or business analyst;Data scientist or machine learning specialist;Designer;Embedded applications or devices developer,6-8 years,110000.0,Yearly,110000.0
Yes,Yes,United States,No,Employed full-time,"Other doctoral degree (Ph.D, Ed.D., etc.)",Mathematics or statistics,"10,000 or more employees",Data scientist or machine learning specialist;Educator or academic researcher,30 or more years,150000.0,Yearly,150000.0
Yes,No,United States,No,Employed full-time,"Bachelor’s degree (BA, BS, B.Eng., etc.)","Another engineering discipline (ex. civil, electrical, mechanical)","10,000 or more employees",Data or business analyst;Data scientist or machine learning specialist;Database administrator;Engineering manager,0-2 years,120000.0,Yearly,120000.0
Yes,No,United States,No,Employed full-time,"Master’s degree (MA, MS, M.Eng., MBA, etc.)","A natural science (ex. biology, chemistry, physics)",Fewer than 10 employees,Back-end developer;Data scientist or machine learning specialist,3-5 years,85000.0,Yearly,85000.0
Yes,Yes,United States,No,Employed full-time,"Bachelor’s degree (BA, BS, B.Eng., etc.)","Computer science, computer engineering, or software engineering",20 to 99 employees,Back-end developer;Data or business analyst;Data scientist or machine learning specialist;Database administrator;Designer;Desktop or enterprise applications developer;Educator or academic researcher;Engineering manager;Front-end developer;Full-stack developer;Game or graphics developer;Marketing or sales professional;Mobile developer;Student;System administrator,18-20 years,80000.0,Yearly,80000.0
Yes,Yes,United States,No,Employed full-time,"Bachelor’s degree (BA, BS, B.Eng., etc.)","Another engineering discipline (ex. civil, electrical, mechanical)",20 to 99 employees,Back-end developer;Data or business analyst;Data scientist or machine learning specialist;Database administrator;Designer;Desktop or enterprise applications developer;DevOps specialist;Embedded applications or devices developer;Front-end developer;Full-stack developer;Mobile developer;QA or test developer;System administrator,6-8 years,75000.0,Yearly,75000.0
Yes,Yes,United States,"Yes, part-time",Employed full-time,"Master’s degree (MA, MS, M.Eng., MBA, etc.)","A humanities discipline (ex. literature, history, philosophy)",20 to 99 employees,Back-end developer;Data scientist or machine learning specialist;Full-stack developer;Student,12-14 years,120000.0,Yearly,120000.0
Yes,No,United States,No,Employed full-time,"Bachelor’s degree (BA, BS, B.Eng., etc.)","Computer science, computer engineering, or software engineering",100 to 499 employees,Data scientist or machine learning specialist,6-8 years,65000.0,,65000.0
Yes,Yes,United States,No,Employed full-time,"Other doctoral degree (Ph.D, Ed.D., etc.)","Computer science, computer engineering, or software engineering","10,000 or more employees",Back-end developer;Data or business analyst;Data scientist or machine learning specialist;Educator or academic researcher;Engineering manager,12-14 years,115000.0,Yearly,115000.0
Yes,Yes,United States,"Yes, part-time",Employed full-time,"Bachelor’s degree (BA, BS, B.Eng., etc.)","Computer science, computer engineering, or software engineering",100 to 499 employees,"C-suite executive (CEO, CTO, etc.);Data scientist or machine learning specialist",15-17 years,400000.0,Yearly,400000.0
Yes,Yes,United States,"Yes, part-time",Employed full-time,"Bachelor’s degree (BA, BS, B.Eng., etc.)","Computer science, computer engineering, or software engineering",500 to 999 employees,Back-end developer;Data scientist or machine learning specialist;Front-end developer;Full-stack developer;Student,12-14 years,128000.0,Yearly,128000.0
Yes,Yes,United States,No,Employed full-time,"Master’s degree (MA, MS, M.Eng., MBA, etc.)",,"10,000 or more employees",Back-end developer;Data or business analyst;Data scientist or machine learning specialist;DevOps specialist;Full-stack developer,9-11 years,165000.0,,165000.0
Yes,No,United States,"Yes, full-time",Employed part-time,Some college/university study without earning a degree,Mathematics or statistics,"10,000 or more employees",Data scientist or machine learning specialist;DevOps specialist,6-8 years,52.0,Weekly,2600.0
Yes,No,United States,No,Employed full-time,Some college/university study without earning a degree,,"1,000 to 4,999 employees",Data scientist or machine learning specialist,18-20 years,135000.0,,135000.0
Yes,No,United States,No,Employed full-time,"Master’s degree (MA, MS, M.Eng., MBA, etc.)","Computer science, computer engineering, or software engineering",20 to 99 employees,Data scientist or machine learning specialist;Game or graphics developer;Mobile developer,18-20 years,98000.0,Yearly,98000.0
No,No,United States,No,Employed full-time,"Master’s degree (MA, MS, M.Eng., MBA, etc.)","A natural science (ex. biology, chemistry, physics)",20 to 99 employees,Data scientist or machine learning specialist;Front-end developer;Full-stack developer,3-5 years,90000.0,Yearly,90000.0
Yes,Yes,United States,No,Employed full-time,Some college/university study without earning a degree,"Computer science, computer engineering, or software engineering",20 to 99 employees,Data or business analyst;Data scientist or machine learning specialist,6-8 years,60000.0,,60000.0
Yes,No,United States,No,Employed full-time,"Bachelor’s degree (BA, BS, B.Eng., etc.)","Computer science, computer engineering, or software engineering","10,000 or more employees",Back-end developer;Data scientist or machine learning specialist,12-14 years,250000.0,,250000.0
Yes,No,United States,No,Employed full-time,"Master’s degree (MA, MS, M.Eng., MBA, etc.)","A social science (ex. anthropology, psychology, political science)",100 to 499 employees,Data scientist or machine learning specialist,3-5 years,110000.0,,110000.0
Yes,No,United States,No,Employed full-time,"Bachelor’s degree (BA, BS, B.Eng., etc.)","Computer science, computer engineering, or software engineering","10,000 or more employees",Back-end developer;Data scientist or machine learning specialist;Full-stack developer,30 or more years,137000.0,,137000.0
Yes,Yes,United States,No,Employed full-time,"Other doctoral degree (Ph.D, Ed.D., etc.)",Mathematics or statistics,"1,000 to 4,999 employees",Data scientist or machine learning specialist,21-23 years,74000.0,Yearly,74000.0
Yes,Yes,United States,No,Employed full-time,"Other doctoral degree (Ph.D, Ed.D., etc.)","A natural science (ex. biology, chemistry, physics)",Fewer than 10 employees,Back-end developer;Data scientist or machine learning specialist;Educator or academic researcher,9-11 years,59004.0,Yearly,59004.0
Yes,Yes,United States,No,Employed full-time,"Bachelor’s degree (BA, BS, B.Eng., etc.)","Another engineering discipline (ex. civil, electrical, mechanical)",10 to 19 employees,"Back-end developer;C-suite executive (CEO, CTO, etc.);Data scientist or machine learning specialist;Product manager;System administrator",24-26 years,140000.0,Yearly,140000.0
Yes,No,United States,No,Employed full-time,"Master’s degree (MA, MS, M.Eng., MBA, etc.)","Information systems, information technology, or system administration","10,000 or more employees",Back-end developer;Data or business analyst;Data scientist or machine learning specialist;Database administrator;System administrator,18-20 years,92000.0,,92000.0
Yes,No,United States,No,Employed full-time,"Master’s degree (MA, MS, M.Eng., MBA, etc.)","Computer science, computer engineering, or software engineering","1,000 to 4,999 employees",Back-end developer;Data scientist or machine learning specialist,9-11 years,105000.0,Yearly,105000.0
Yes,Yes,United States,"Yes, part-time",Employed full-time,"Bachelor’s degree (BA, BS, B.Eng., etc.)","Computer science, computer engineering, or software engineering","1,000 to 4,999 employees",Data or business analyst;Data scientist or machine learning specialist;Educator or academic researcher;Engineering manager;Full-stack developer;Student,12-14 years,54000.0,Yearly,54000.0
Yes,Yes,United States,No,Employed full-time,"Master’s degree (MA, MS, M.Eng., MBA, etc.)","Computer science, computer engineering, or software engineering",10 to 19 employees,Data scientist or machine learning specialist;Desktop or enterprise applications developer,6-8 years,8000.0,Monthly,96000.0
No,No,United States,No,Employed full-time,"Bachelor’s degree (BA, BS, B.Eng., etc.)","Information systems, information technology, or system administration",20 to 99 employees,Data or business analyst;Data scientist or machine learning specialist,12-14 years,70000.0,Yearly,70000.0
Yes,No,United States,No,Employed full-time,"Bachelor’s degree (BA, BS, B.Eng., etc.)",Mathematics or statistics,"1,000 to 4,999 employees",Data or business analyst;Data scientist or machine learning specialist,3-5 years,85000.0,Yearly,85000.0
Yes,Yes,United States,No,Employed full-time,"Bachelor’s degree (BA, BS, B.Eng., etc.)","Computer science, computer engineering, or software engineering",10 to 19 employees,Data scientist or machine learning specialist;Desktop or enterprise applications developer;DevOps specialist;Embedded applications or devices developer;QA or test developer;System administrator,6-8 years,160000.0,Yearly,160000.0
Yes,No,United States,No,Employed full-time,"Other doctoral degree (Ph.D, Ed.D., etc.)","A natural science (ex. biology, chemistry, physics)",100 to 499 employees,Data scientist or machine learning specialist,12-14 years,131000.0,Yearly,131000.0
Yes,No,United States,No,Employed full-time,"Master’s degree (MA, MS, M.Eng., MBA, etc.)","Another engineering discipline (ex. civil, electrical, mechanical)",100 to 499 employees,Back-end developer;Data scientist or machine learning specialist;Engineering manager;QA or test developer,24-26 years,150000.0,Yearly,150000.0
No,No,United States,No,Employed full-time,"Bachelor’s degree (BA, BS, B.Eng., etc.)","Computer science, computer engineering, or software engineering","10,000 or more employees",Back-end developer;Data scientist or machine learning specialist,3-5 years,116000.0,Yearly,116000.0
No,No,United States,No,Employed full-time,"Bachelor’s degree (BA, BS, B.Eng., etc.)","Information systems, information technology, or system administration",20 to 99 employees,Data scientist or machine learning specialist;Database administrator;DevOps specialist;QA or test developer;System administrator,6-8 years,56000.0,Yearly,56000.0
Yes,Yes,United States,No,Employed full-time,"Master’s degree (MA, MS, M.Eng., MBA, etc.)",Mathematics or statistics,"1,000 to 4,999 employees",Data scientist or machine learning specialist,3-5 years,85000.0,Yearly,85000.0
No,No,United States,No,Employed full-time,"Master’s degree (MA, MS, M.Eng., MBA, etc.)",Mathematics or statistics,"1,000 to 4,999 employees",Data scientist or machine learning specialist,3-5 years,150000.0,Yearly,150000.0
No,Yes,United States,No,Employed full-time,"Bachelor’s degree (BA, BS, B.Eng., etc.)","Computer science, computer engineering, or software engineering",100 to 499 employees,Back-end developer;Data scientist or machine learning specialist;Engineering manager,15-17 years,90000.0,,90000.0
Yes,Yes,United States,No,Employed full-time,"Master’s degree (MA, MS, M.Eng., MBA, etc.)","A business discipline (ex. accounting, finance, marketing)","10,000 or more employees",Data or business analyst;Data scientist or machine learning specialist;Educator or academic researcher;Front-end developer;QA or test developer,6-8 years,125000.0,Yearly,125000.0
Yes,No,United States,No,Employed full-time,"Master’s degree (MA, MS, M.Eng., MBA, etc.)","A natural science (ex. biology, chemistry, physics)","10,000 or more employees",Back-end developer;Data scientist or machine learning specialist;DevOps specialist,12-14 years,150000.0,Yearly,150000.0
Yes,No,United States,No,Employed full-time,"Master’s degree (MA, MS, M.Eng., MBA, etc.)","A social science (ex. anthropology, psychology, political science)","1,000 to 4,999 employees",Data or business analyst;Data scientist or machine learning specialist;Database administrator;Educator or academic researcher,3-5 years,79000.0,Yearly,79000.0
Yes,No,United States,No,Employed full-time,"Master’s degree (MA, MS, M.Eng., MBA, etc.)",,"1,000 to 4,999 employees",Data or business analyst;Data scientist or machine learning specialist,9-11 years,105000.0,,105000.0
Yes,Yes,United States,No,Employed full-time,Some college/university study without earning a degree,"Computer science, computer engineering, or software engineering","10,000 or more employees",Back-end developer;Data scientist or machine learning specialist,3-5 years,107000.0,Yearly,107000.0
Yes,No,United States,No,Employed full-time,"Bachelor’s degree (BA, BS, B.Eng., etc.)","A natural science (ex. biology, chemistry, physics)",100 to 499 employees,Data or business analyst;Data scientist or machine learning specialist,3-5 years,67000.0,Yearly,67000.0
Yes,Yes,United States,"Yes, full-time",Employed part-time,"Master’s degree (MA, MS, M.Eng., MBA, etc.)","Computer science, computer engineering, or software engineering",Fewer than 10 employees,Back-end developer;Data scientist or machine learning specialist;DevOps specialist;Front-end developer;Full-stack developer;Student,6-8 years,1000.0,Monthly,12000.0
Yes,Yes,United States,No,Employed full-time,Some college/university study without earning a degree,"Computer science, computer engineering, or software engineering",10 to 19 employees,Back-end developer;Data or business analyst;Data scientist or machine learning specialist;Database administrator;Desktop or enterprise applications developer;DevOps specialist;Educator or academic researcher;Front-end developer;Full-stack developer;Marketing or sales professional;Product manager;System administrator,30 or more years,120000.0,Yearly,120000.0
Yes,No,United States,No,Employed full-time,"Bachelor’s degree (BA, BS, B.Eng., etc.)","Computer science, computer engineering, or software engineering",500 to 999 employees,Back-end developer;Data or business analyst;Data scientist or machine learning specialist;Desktop or enterprise applications developer;Full-stack developer;System administrator,21-23 years,115000.0,Yearly,115000.0
Yes,No,United States,No,Employed full-time,"Bachelor’s degree (BA, BS, B.Eng., etc.)","Another engineering discipline (ex. civil, electrical, mechanical)",Fewer than 10 employees,Back-end developer;Data scientist or machine learning specialist,6-8 years,80000.0,Yearly,80000.0
Yes,Yes,United States,No,Employed full-time,"Professional degree (JD, MD, etc.)","A business discipline (ex. accounting, finance, marketing)",100 to 499 employees,Back-end developer;Data scientist or machine learning specialist;DevOps specialist;Engineering manager;Full-stack developer,30 or more years,180000.0,Yearly,180000.0
Yes,Yes,United States,No,Employed full-time,"Other doctoral degree (Ph.D, Ed.D., etc.)","Another engineering discipline (ex. civil, electrical, mechanical)",20 to 99 employees,Data scientist or machine learning specialist;Designer;Desktop or enterprise applications developer;Educator or academic researcher;Engineering manager;Product manager,27-29 years,140000.0,,140000.0
Yes,Yes,United States,No,Employed full-time,"Bachelor’s degree (BA, BS, B.Eng., etc.)","Computer science, computer engineering, or software engineering","1,000 to 4,999 employees",Data scientist or machine learning specialist;Full-stack developer,3-5 years,61000.0,,61000.0
Yes,Yes,United States,"Yes, full-time",Employed full-time,"Master’s degree (MA, MS, M.Eng., MBA, etc.)","A natural science (ex. biology, chemistry, physics)",10 to 19 employees,Data or business analyst;Data scientist or machine learning specialist,3-5 years,2500.0,Monthly,30000.0
Yes,No,United States,No,Employed full-time,"Master’s degree (MA, MS, M.Eng., MBA, etc.)","Computer science, computer engineering, or software engineering","1,000 to 4,999 employees",Data scientist or machine learning specialist;Full-stack developer,12-14 years,107000.0,,107000.0
Yes,No,United States,No,Employed full-time,"Master’s degree (MA, MS, M.Eng., MBA, etc.)","Computer science, computer engineering, or software engineering",Fewer than 10 employees,"Back-end developer;C-suite executive (CEO, CTO, etc.);Data scientist or machine learning specialist;Embedded applications or devices developer;Engineering manager;Product manager;Student",12-14 years,9920.0,Monthly,119040.0
Yes,Yes,United States,"Yes, part-time",Employed full-time,"Master’s degree (MA, MS, M.Eng., MBA, etc.)","A business discipline (ex. accounting, finance, marketing)","10,000 or more employees",Data or business analyst;Data scientist or machine learning specialist;Student,3-5 years,93150.0,,93150.0
Yes,No,United States,"Yes, full-time",Employed part-time,"Master’s degree (MA, MS, M.Eng., MBA, etc.)","Computer science, computer engineering, or software engineering",Fewer than 10 employees,Back-end developer;Data scientist or machine learning specialist;Full-stack developer;Mobile developer;Student,3-5 years,10000.0,Yearly,10000.0
Yes,No,United States,,Employed full-time,"Master’s degree (MA, MS, M.Eng., MBA, etc.)","Another engineering discipline (ex. civil, electrical, mechanical)","10,000 or more employees",Back-end developer;Data scientist or machine learning specialist,6-8 years,155000.0,Yearly,155000.0
No,No,United States,No,Employed full-time,Some college/university study without earning a degree,"Computer science, computer engineering, or software engineering",10 to 19 employees,Back-end developer;Data or business analyst;Data scientist or machine learning specialist;Database administrator;Designer;Desktop or enterprise applications developer;DevOps specialist;Front-end developer;Full-stack developer;QA or test developer,6-8 years,30000.0,Yearly,30000.0
Yes,Yes,United States,No,Employed full-time,"Other doctoral degree (Ph.D, Ed.D., etc.)","Another engineering discipline (ex. civil, electrical, mechanical)","5,000 to 9,999 employees",Data scientist or machine learning specialist;Educator or academic researcher;Full-stack developer,3-5 years,100300.0,Yearly,100300.0
No,No,United States,No,Employed full-time,"Other doctoral degree (Ph.D, Ed.D., etc.)","Another engineering discipline (ex. civil, electrical, mechanical)","1,000 to 4,999 employees",Data or business analyst;Data scientist or machine learning specialist;Database administrator;Educator or academic researcher,12-14 years,55000.0,Yearly,55000.0
Yes,No,United States,No,Employed full-time,"Master’s degree (MA, MS, M.Eng., MBA, etc.)","Computer science, computer engineering, or software engineering","1,000 to 4,999 employees",Back-end developer;Data scientist or machine learning specialist;Database administrator;Front-end developer;Full-stack developer;Mobile developer;QA or test developer;System administrator,9-11 years,96000.0,Yearly,96000.0
Yes,Yes,United States,No,Employed full-time,"Other doctoral degree (Ph.D, Ed.D., etc.)","Computer science, computer engineering, or software engineering","10,000 or more employees",Data scientist or machine learning specialist,30 or more years,220000.0,Yearly,220000.0
No,No,United States,No,Employed full-time,"Bachelor’s degree (BA, BS, B.Eng., etc.)","Computer science, computer engineering, or software engineering","10,000 or more employees",Data scientist or machine learning specialist,3-5 years,90000.0,Weekly,2000000.0
Yes,No,United States,No,Employed full-time,"Bachelor’s degree (BA, BS, B.Eng., etc.)","Computer science, computer engineering, or software engineering",100 to 499 employees,Data scientist or machine learning specialist;DevOps specialist;Engineering manager;Mobile developer;Product manager;QA or test developer,6-8 years,81000.0,Yearly,81000.0
Yes,Yes,United States,No,Employed full-time,"Master’s degree (MA, MS, M.Eng., MBA, etc.)","Computer science, computer engineering, or software engineering","10,000 or more employees",Data scientist or machine learning specialist;Designer;Desktop or enterprise applications developer;Full-stack developer,30 or more years,200000.0,Yearly,200000.0
Yes,No,United States,No,Employed full-time,"Bachelor’s degree (BA, BS, B.Eng., etc.)","A social science (ex. anthropology, psychology, political science)",100 to 499 employees,Data scientist or machine learning specialist,3-5 years,110000.0,Yearly,110000.0
Yes,No,United States,No,Employed full-time,"Other doctoral degree (Ph.D, Ed.D., etc.)","A social science (ex. anthropology, psychology, political science)",20 to 99 employees,Data scientist or machine learning specialist,3-5 years,150000.0,,150000.0
No,No,United States,No,Employed full-time,"Bachelor’s degree (BA, BS, B.Eng., etc.)","Information systems, information technology, or system administration",20 to 99 employees,Data or business analyst;Data scientist or machine learning specialist,6-8 years,52000.0,,52000.0
Yes,Yes,United States,No,Employed full-time,"Bachelor’s degree (BA, BS, B.Eng., etc.)","Computer science, computer engineering, or software engineering",500 to 999 employees,Back-end developer;Data or business analyst;Data scientist or machine learning specialist;Database administrator;Designer;Desktop or enterprise applications developer;Front-end developer;Full-stack developer;Game or graphics developer;QA or test developer,12-14 years,70000.0,Yearly,70000.0
Yes,Yes,United States,No,Employed full-time,"Other doctoral degree (Ph.D, Ed.D., etc.)","A natural science (ex. biology, chemistry, physics)","10,000 or more employees",Data scientist or machine learning specialist,18-20 years,147000.0,Yearly,147000.0
Yes,No,United States,No,Employed full-time,"Master’s degree (MA, MS, M.Eng., MBA, etc.)","A natural science (ex. biology, chemistry, physics)","1,000 to 4,999 employees",Data scientist or machine learning specialist,18-20 years,103000.0,Monthly,1236000.0
Yes,Yes,United States,No,Employed full-time,"Bachelor’s degree (BA, BS, B.Eng., etc.)","Computer science, computer engineering, or software engineering",100 to 499 employees,Back-end developer;Data scientist or machine learning specialist;Desktop or enterprise applications developer;DevOps specialist;Front-end developer;Full-stack developer,18-20 years,122000.0,Yearly,122000.0
Yes,Yes,United States,No,Employed full-time,Primary/elementary school,,20 to 99 employees,Back-end developer;Data scientist or machine learning specialist;Full-stack developer,12-14 years,140000.0,Yearly,140000.0
Yes,Yes,United States,No,Employed full-time,"Master’s degree (MA, MS, M.Eng., MBA, etc.)","Computer science, computer engineering, or software engineering","10,000 or more employees",Back-end developer;Data scientist or machine learning specialist,6-8 years,120000.0,Yearly,120000.0
Yes,Yes,United States,"Yes, full-time",Employed full-time,"Master’s degree (MA, MS, M.Eng., MBA, etc.)","A business discipline (ex. accounting, finance, marketing)",100 to 499 employees,Data scientist or machine learning specialist,6-8 years,180000.0,,180000.0
Yes,No,United States,No,Employed full-time,"Master’s degree (MA, MS, M.Eng., MBA, etc.)","A humanities discipline (ex. literature, history, philosophy)","1,000 to 4,999 employees",Data scientist or machine learning specialist,3-5 years,88000.0,,88000.0
Yes,Yes,United States,No,Employed full-time,"Master’s degree (MA, MS, M.Eng., MBA, etc.)",Mathematics or statistics,"10,000 or more employees",Data scientist or machine learning specialist,12-14 years,114000.0,,114000.0
Yes,Yes,United States,No,Employed full-time,"Bachelor’s degree (BA, BS, B.Eng., etc.)",Mathematics or statistics,500 to 999 employees,Data scientist or machine learning specialist;Database administrator,12-14 years,180000.0,Yearly,180000.0
Yes,Yes,United States,No,Employed full-time,"Bachelor’s degree (BA, BS, B.Eng., etc.)","Computer science, computer engineering, or software engineering","1,000 to 4,999 employees",Data scientist or machine learning specialist,30 or more years,140500.0,Yearly,140500.0
Yes,Yes,United States,No,Employed full-time,"Bachelor’s degree (BA, BS, B.Eng., etc.)","Computer science, computer engineering, or software engineering",100 to 499 employees,"Back-end developer;C-suite executive (CEO, CTO, etc.);Data or business analyst;Data scientist or machine learning specialist;Designer;Desktop or enterprise applications developer;DevOps specialist;Embedded applications or devices developer;Front-end developer;Full-stack developer;QA or test developer",6-8 years,70000.0,,70000.0
Yes,No,United States,No,Employed full-time,"Master’s degree (MA, MS, M.Eng., MBA, etc.)","A humanities discipline (ex. literature, history, philosophy)",500 to 999 employees,Back-end developer;Data scientist or machine learning specialist;Designer;Front-end developer;Full-stack developer;Mobile developer,6-8 years,55000.0,Yearly,55000.0
Yes,No,United States,"Yes, full-time",Employed full-time,"Bachelor’s degree (BA, BS, B.Eng., etc.)","Computer science, computer engineering, or software engineering",500 to 999 employees,Data scientist or machine learning specialist,9-11 years,80000.0,,80000.0
Yes,Yes,United States,No,Employed full-time,"Bachelor’s degree (BA, BS, B.Eng., etc.)",Mathematics or statistics,"10,000 or more employees",Data scientist or machine learning specialist,3-5 years,85000.0,Yearly,85000.0
Yes,No,United States,No,Employed full-time,"Bachelor’s degree (BA, BS, B.Eng., etc.)","Computer science, computer engineering, or software engineering","1,000 to 4,999 employees",Back-end developer;Data or business analyst;Data scientist or machine learning specialist;Front-end developer;Full-stack developer,6-8 years,120000.0,,120000.0
Yes,No,United States,No,Employed full-time,"Bachelor’s degree (BA, BS, B.Eng., etc.)","Computer science, computer engineering, or software engineering","10,000 or more employees",Back-end developer;Data or business analyst;Data scientist or machine learning specialist;Front-end developer;Full-stack developer,15-17 years,140000.0,Yearly,140000.0
Yes,Yes,United States,No,Employed full-time,"Other doctoral degree (Ph.D, Ed.D., etc.)","A social science (ex. anthropology, psychology, political science)","10,000 or more employees",Data scientist or machine learning specialist;Educator or academic researcher;Full-stack developer;System administrator,30 or more years,95000.0,Yearly,95000.0
Yes,Yes,United States,No,Employed full-time,"Master’s degree (MA, MS, M.Eng., MBA, etc.)","A natural science (ex. biology, chemistry, physics)","1,000 to 4,999 employees",Back-end developer;Data scientist or machine learning specialist;Full-stack developer,12-14 years,160000.0,Yearly,160000.0
Yes,No,United States,No,Employed full-time,"Master’s degree (MA, MS, M.Eng., MBA, etc.)","Computer science, computer engineering, or software engineering","10,000 or more employees",Back-end developer;Data scientist or machine learning specialist;Database administrator;Desktop or enterprise applications developer;DevOps specialist;Front-end developer;Full-stack developer;Mobile developer,12-14 years,95000.0,,95000.0
Yes,Yes,United States,No,Employed full-time,"Other doctoral degree (Ph.D, Ed.D., etc.)","Computer science, computer engineering, or software engineering","1,000 to 4,999 employees",Back-end developer;Data scientist or machine learning specialist;Educator or academic researcher;Engineering manager,24-26 years,170000.0,Yearly,170000.0
Yes,No,United States,No,Employed full-time,"Bachelor’s degree (BA, BS, B.Eng., etc.)",,"10,000 or more employees",Data scientist or machine learning specialist;Educator or academic researcher,9-11 years,40000.0,,40000.0
No,No,United States,"Yes, part-time",Employed full-time,"Bachelor’s degree (BA, BS, B.Eng., etc.)",Mathematics or statistics,"1,000 to 4,999 employees",Data or business analyst;Data scientist or machine learning specialist,3-5 years,85000.0,Yearly,85000.0
No,No,United States,No,Employed full-time,"Master’s degree (MA, MS, M.Eng., MBA, etc.)",,Fewer than 10 employees,Back-end developer;Data scientist or machine learning specialist;Database administrator;Designer;Desktop or enterprise applications developer;Front-end developer;Full-stack developer;System administrator,12-14 years,100000.0,Yearly,100000.0
Yes,Yes,United States,No,Employed full-time,Some college/university study without earning a degree,"Computer science, computer engineering, or software engineering",100 to 499 employees,Back-end developer;Data scientist or machine learning specialist;Full-stack developer,3-5 years,119000.0,Yearly,119000.0
Yes,Yes,United States,"Yes, full-time",Employed part-time,"Bachelor’s degree (BA, BS, B.Eng., etc.)","Computer science, computer engineering, or software engineering",Fewer than 10 employees,"Back-end developer;C-suite executive (CEO, CTO, etc.);Data or business analyst;Data scientist or machine learning specialist;Database administrator;Designer;Desktop or enterprise applications developer;DevOps specialist;Educator or academic researcher;Embedded applications or devices developer;Engineering manager;Front-end developer;Full-stack developer;Game or graphics developer;Marketing or sales professional;Mobile developer;Product manager;QA or test developer;Student;System administrator",3-5 years,200.0,Weekly,10000.0
Yes,Yes,United States,"Yes, part-time",Employed full-time,"Bachelor’s degree (BA, BS, B.Eng., etc.)","Computer science, computer engineering, or software engineering","10,000 or more employees",Back-end developer;Data scientist or machine learning specialist,21-23 years,113000.0,,113000.0
Yes,Yes,United States,No,Employed full-time,"Master’s degree (MA, MS, M.Eng., MBA, etc.)",,"1,000 to 4,999 employees",Data scientist or machine learning specialist,0-2 years,70000.0,Yearly,70000.0
Yes,Yes,United States,No,Employed full-time,"Other doctoral degree (Ph.D, Ed.D., etc.)","A natural science (ex. biology, chemistry, physics)",100 to 499 employees,Data scientist or machine learning specialist,9-11 years,110000.0,Yearly,110000.0
Yes,Yes,United States,No,Employed full-time,"Master’s degree (MA, MS, M.Eng., MBA, etc.)","Another engineering discipline (ex. civil, electrical, mechanical)",Fewer than 10 employees,"Back-end developer;C-suite executive (CEO, CTO, etc.);Data or business analyst;Data scientist or machine learning specialist;Mobile developer;Product manager",30 or more years,90000.0,Monthly,1080000.0
Yes,No,United States,No,Employed full-time,"Master’s degree (MA, MS, M.Eng., MBA, etc.)","A social science (ex. anthropology, psychology, political science)",20 to 99 employees,Data scientist or machine learning specialist;Product manager,3-5 years,230000.0,,230000.0
No,No,United States,"Yes, full-time",Employed full-time,"Bachelor’s degree (BA, BS, B.Eng., etc.)",Mathematics or statistics,"10,000 or more employees",Data or business analyst;Data scientist or machine learning specialist,3-5 years,85000.0,Yearly,85000.0
No,No,United States,No,Employed full-time,"Bachelor’s degree (BA, BS, B.Eng., etc.)","Computer science, computer engineering, or software engineering","1,000 to 4,999 employees",Back-end developer;Data or business analyst;Data scientist or machine learning specialist;Database administrator;Desktop or enterprise applications developer;Front-end developer;Full-stack developer,24-26 years,120000.0,Yearly,120000.0
Yes,Yes,United States,No,Employed full-time,Some college/university study without earning a degree,"A humanities discipline (ex. literature, history, philosophy)","1,000 to 4,999 employees",Back-end developer;Data scientist or machine learning specialist;Full-stack developer,18-20 years,250000.0,,250000.0
Yes,Yes,United States,No,Employed full-time,"Bachelor’s degree (BA, BS, B.Eng., etc.)","A humanities discipline (ex. literature, history, philosophy)",10 to 19 employees,Data scientist or machine learning specialist;Educator or academic researcher;Front-end developer;Full-stack developer;System administrator,12-14 years,35000.0,Yearly,35000.0
Yes,Yes,United States,No,Employed full-time,Some college/university study without earning a degree,"A humanities discipline (ex. literature, history, philosophy)","10,000 or more employees",Back-end developer;Data scientist or machine learning specialist;Database administrator;Designer;Desktop or enterprise applications developer;Educator or academic researcher;Front-end developer;Full-stack developer;Mobile developer;System administrator,6-8 years,66000.0,,66000.0
No,No,United States,No,Employed full-time,"Other doctoral degree (Ph.D, Ed.D., etc.)","A natural science (ex. biology, chemistry, physics)","5,000 to 9,999 employees",Data or business analyst;Data scientist or machine learning specialist,27-29 years,125000.0,,125000.0
No,No,United States,No,Employed full-time,"Other doctoral degree (Ph.D, Ed.D., etc.)","A social science (ex. anthropology, psychology, political science)","10,000 or more employees",Data or business analyst;Data scientist or machine learning specialist,6-8 years,75000.0,,75000.0
Yes,No,United States,No,Employed full-time,"Other doctoral degree (Ph.D, Ed.D., etc.)","A natural science (ex. biology, chemistry, physics)","1,000 to 4,999 employees",Data scientist or machine learning specialist;Database administrator,12-14 years,110000.0,Yearly,110000.0
Yes,No,United States,No,Employed full-time,"Master’s degree (MA, MS, M.Eng., MBA, etc.)","Computer science, computer engineering, or software engineering","10,000 or more employees",Data or business analyst;Data scientist or machine learning specialist,9-11 years,97000.0,,97000.0
Yes,Yes,United States,No,Employed full-time,"Master’s degree (MA, MS, M.Eng., MBA, etc.)","Computer science, computer engineering, or software engineering","10,000 or more employees",Data scientist or machine learning specialist;Full-stack developer,18-20 years,358956.0,Yearly,358956.0
Yes,No,United States,No,Employed full-time,"Bachelor’s degree (BA, BS, B.Eng., etc.)","Computer science, computer engineering, or software engineering",Fewer than 10 employees,Back-end developer;Data scientist or machine learning specialist;Database administrator;Front-end developer;Full-stack developer,12-14 years,105000.0,Yearly,105000.0
No,No,United States,No,Employed full-time,"Master’s degree (MA, MS, M.Eng., MBA, etc.)","Computer science, computer engineering, or software engineering",100 to 499 employees,Back-end developer;Data scientist or machine learning specialist;Full-stack developer,6-8 years,100000.0,Yearly,100000.0
No,No,United States,No,Employed full-time,"Master’s degree (MA, MS, M.Eng., MBA, etc.)","A natural science (ex. biology, chemistry, physics)",20 to 99 employees,Data scientist or machine learning specialist;QA or test developer,9-11 years,72000.0,Yearly,72000.0
Yes,Yes,United States,No,Employed full-time,Some college/university study without earning a degree,"Another engineering discipline (ex. civil, electrical, mechanical)",Fewer than 10 employees,Data scientist or machine learning specialist;DevOps specialist;Embedded applications or devices developer;Full-stack developer;System administrator,6-8 years,85000.0,,85000.0
Yes,No,United States,No,Employed full-time,"Other doctoral degree (Ph.D, Ed.D., etc.)","A natural science (ex. biology, chemistry, physics)","5,000 to 9,999 employees",Data scientist or machine learning specialist,9-11 years,66000.0,Yearly,66000.0
Yes,Yes,United States,No,Employed full-time,"Bachelor’s degree (BA, BS, B.Eng., etc.)","Information systems, information technology, or system administration","1,000 to 4,999 employees",Back-end developer;Data scientist or machine learning specialist;Desktop or enterprise applications developer;Educator or academic researcher;Front-end developer;Full-stack developer;Mobile developer,9-11 years,120000.0,Yearly,120000.0
Yes,Yes,United States,No,Employed full-time,"Master’s degree (MA, MS, M.Eng., MBA, etc.)","Computer science, computer engineering, or software engineering","5,000 to 9,999 employees",Data scientist or machine learning specialist;Embedded applications or devices developer;Full-stack developer,9-11 years,83000.0,Yearly,83000.0
Yes,Yes,United States,"Yes, full-time",Employed full-time,"Master’s degree (MA, MS, M.Eng., MBA, etc.)","Computer science, computer engineering, or software engineering","1,000 to 4,999 employees",Data scientist or machine learning specialist;Educator or academic researcher;Student,15-17 years,20000.0,Yearly,20000.0
Yes,No,United States,No,Employed full-time,"Master’s degree (MA, MS, M.Eng., MBA, etc.)","A social science (ex. anthropology, psychology, political science)","5,000 to 9,999 employees",Data scientist or machine learning specialist;Engineering manager,12-14 years,250000.0,Yearly,250000.0
Yes,No,United States,No,Employed full-time,"Other doctoral degree (Ph.D, Ed.D., etc.)","A natural science (ex. biology, chemistry, physics)","1,000 to 4,999 employees","C-suite executive (CEO, CTO, etc.);Data scientist or machine learning specialist;Educator or academic researcher;Engineering manager;Product manager",30 or more years,85000.0,Yearly,85000.0
No,No,United States,No,Employed full-time,"Bachelor’s degree (BA, BS, B.Eng., etc.)","A natural science (ex. biology, chemistry, physics)","10,000 or more employees",Back-end developer;Data scientist or machine learning specialist,9-11 years,300000.0,Yearly,300000.0
Yes,No,United States,No,Employed full-time,"Other doctoral degree (Ph.D, Ed.D., etc.)","A social science (ex. anthropology, psychology, political science)","10,000 or more employees",Data scientist or machine learning specialist,9-11 years,130000.0,Yearly,130000.0
Yes,No,United States,No,Employed full-time,"Other doctoral degree (Ph.D, Ed.D., etc.)","A natural science (ex. biology, chemistry, physics)",10 to 19 employees,Data scientist or machine learning specialist,12-14 years,95000.0,Yearly,95000.0
Yes,No,United States,No,Employed full-time,"Bachelor’s degree (BA, BS, B.Eng., etc.)",Mathematics or statistics,"10,000 or more employees",Data or business analyst;Data scientist or machine learning specialist;Full-stack developer,12-14 years,85000.0,Yearly,85000.0
Yes,Yes,United States,No,Employed full-time,"Master’s degree (MA, MS, M.Eng., MBA, etc.)",Mathematics or statistics,Fewer than 10 employees,Data scientist or machine learning specialist;Designer;Educator or academic researcher;Front-end developer;Student,6-8 years,60000.0,Yearly,60000.0
Yes,No,United States,No,Employed full-time,"Master’s degree (MA, MS, M.Eng., MBA, etc.)",Mathematics or statistics,"1,000 to 4,999 employees",Data scientist or machine learning specialist;Educator or academic researcher,6-8 years,65000.0,Yearly,65000.0
Yes,No,United States,No,Employed full-time,"Bachelor’s degree (BA, BS, B.Eng., etc.)",Mathematics or statistics,"10,000 or more employees",Data or business analyst;Data scientist or machine learning specialist;Database administrator;Engineering manager,3-5 years,167750.0,Yearly,167750.0
Yes,Yes,United States,"Yes, full-time",Employed full-time,"Master’s degree (MA, MS, M.Eng., MBA, etc.)",Mathematics or statistics,100 to 499 employees,Data scientist or machine learning specialist;Engineering manager;Product manager,9-11 years,180000.0,Yearly,180000.0
Yes,Yes,United States,No,Employed full-time,Some college/university study without earning a degree,"A humanities discipline (ex. literature, history, philosophy)","10,000 or more employees",Data scientist or machine learning specialist;DevOps specialist;Full-stack developer,15-17 years,136000.0,Weekly,2000000.0
Yes,Yes,United States,No,Employed full-time,"Bachelor’s degree (BA, BS, B.Eng., etc.)","Computer science, computer engineering, or software engineering","10,000 or more employees",Data scientist or machine learning specialist;Embedded applications or devices developer;Full-stack developer;Product manager,12-14 years,150000.0,Monthly,1800000.0
Yes,Yes,United States,No,Employed full-time,"Master’s degree (MA, MS, M.Eng., MBA, etc.)","A business discipline (ex. accounting, finance, marketing)","10,000 or more employees",Data or business analyst;Data scientist or machine learning specialist;Educator or academic researcher;Front-end developer;Mobile developer,3-5 years,62000.0,Yearly,62000.0
Yes,Yes,United States,No,Employed full-time,"Other doctoral degree (Ph.D, Ed.D., etc.)","Another engineering discipline (ex. civil, electrical, mechanical)","5,000 to 9,999 employees",Data scientist or machine learning specialist,30 or more years,200000.0,,200000.0
Yes,No,United States,No,Employed full-time,"Bachelor’s degree (BA, BS, B.Eng., etc.)","Computer science, computer engineering, or software engineering",500 to 999 employees,Back-end developer;Data scientist or machine learning specialist;DevOps specialist;Front-end developer;Full-stack developer;QA or test developer,18-20 years,96000.0,Yearly,96000.0
Yes,Yes,United States,No,Employed full-time,"Bachelor’s degree (BA, BS, B.Eng., etc.)","Fine arts or performing arts (ex. graphic design, music, studio art)",100 to 499 employees,Back-end developer;Data or business analyst;Data scientist or machine learning specialist;Front-end developer;Full-stack developer;System administrator,3-5 years,920.0,Weekly,46000.0
Yes,Yes,United States,No,Employed full-time,"Bachelor’s degree (BA, BS, B.Eng., etc.)","Computer science, computer engineering, or software engineering",20 to 99 employees,Back-end developer;Data scientist or machine learning specialist;DevOps specialist;Front-end developer;Full-stack developer,9-11 years,75000.0,Yearly,75000.0
Yes,No,United States,No,Employed full-time,"Bachelor’s degree (BA, BS, B.Eng., etc.)","A natural science (ex. biology, chemistry, physics)",20 to 99 employees,Data or business analyst;Data scientist or machine learning specialist,3-5 years,77000.0,Yearly,77000.0
Yes,Yes,United States,No,Employed full-time,"Master’s degree (MA, MS, M.Eng., MBA, etc.)",Mathematics or statistics,"5,000 to 9,999 employees",Data scientist or machine learning specialist;Educator or academic researcher,21-23 years,125000.0,Yearly,125000.0
Yes,No,United States,No,Employed full-time,"Other doctoral degree (Ph.D, Ed.D., etc.)",Mathematics or statistics,100 to 499 employees,Data or business analyst;Data scientist or machine learning specialist,6-8 years,105000.0,Yearly,105000.0
Yes,Yes,United States,No,Employed full-time,"Secondary school (e.g. American high school, German Realschule or Gymnasium, etc.)",,Fewer than 10 employees,Back-end developer;Data or business analyst;Data scientist or machine learning specialist;Database administrator;Designer;DevOps specialist;Front-end developer;Full-stack developer;Mobile developer;Product manager;QA or test developer;System administrator,12-14 years,120000.0,Yearly,120000.0
No,No,United States,"Yes, full-time",Employed part-time,"Secondary school (e.g. American high school, German Realschule or Gymnasium, etc.)",,Fewer than 10 employees,Data scientist or machine learning specialist;Full-stack developer;Student,0-2 years,5000.0,Monthly,60000.0
Yes,Yes,United States,No,Employed full-time,"Bachelor’s degree (BA, BS, B.Eng., etc.)",,"1,000 to 4,999 employees",Back-end developer;Data or business analyst;Data scientist or machine learning specialist;Full-stack developer;Mobile developer,9-11 years,140000.0,,140000.0
Yes,Yes,United States,"Yes, full-time",Employed full-time,"Secondary school (e.g. American high school, German Realschule or Gymnasium, etc.)",,500 to 999 employees,Back-end developer;Data scientist or machine learning specialist;Front-end developer;Full-stack developer;Mobile developer;Student,6-8 years,8480.0,Monthly,101760.0
Yes,Yes,United States,No,Employed full-time,"Other doctoral degree (Ph.D, Ed.D., etc.)","A natural science (ex. biology, chemistry, physics)","5,000 to 9,999 employees",Data scientist or machine learning specialist,6-8 years,62000.0,,62000.0
No,No,United States,"Yes, full-time",Employed full-time,"Bachelor’s degree (BA, BS, B.Eng., etc.)","A natural science (ex. biology, chemistry, physics)",10 to 19 employees,Back-end developer;Data scientist or machine learning specialist;Database administrator;DevOps specialist;Educator or academic researcher;QA or test developer;Student,3-5 years,38000.0,Yearly,38000.0
Yes,Yes,United States,No,Employed full-time,"Master’s degree (MA, MS, M.Eng., MBA, etc.)",Mathematics or statistics,100 to 499 employees,Data scientist or machine learning specialist,6-8 years,110000.0,Yearly,110000.0
Yes,Yes,United States,"Yes, part-time",Employed full-time,"Bachelor’s degree (BA, BS, B.Eng., etc.)","Another engineering discipline (ex. civil, electrical, mechanical)","1,000 to 4,999 employees",Data scientist or machine learning specialist;Engineering manager,6-8 years,102000.0,Yearly,102000.0
Yes,No,United States,No,Employed full-time,"Bachelor’s degree (BA, BS, B.Eng., etc.)","Computer science, computer engineering, or software engineering",20 to 99 employees,Back-end developer;Data scientist or machine learning specialist;Database administrator;DevOps specialist;Full-stack developer,18-20 years,135000.0,Yearly,135000.0
No,No,United States,No,Employed full-time,"Bachelor’s degree (BA, BS, B.Eng., etc.)","Computer science, computer engineering, or software engineering","1,000 to 4,999 employees",Data scientist or machine learning specialist;Front-end developer;Full-stack developer;Mobile developer,18-20 years,91000.0,Yearly,91000.0
Yes,No,United States,"Yes, part-time",Employed full-time,"Master’s degree (MA, MS, M.Eng., MBA, etc.)","Computer science, computer engineering, or software engineering",10 to 19 employees,Back-end developer;Data scientist or machine learning specialist;DevOps specialist;Educator or academic researcher;Embedded applications or devices developer;Game or graphics developer,9-11 years,80000.0,Yearly,80000.0
Yes,Yes,United States,No,Employed full-time,"Other doctoral degree (Ph.D, Ed.D., etc.)","A natural science (ex. biology, chemistry, physics)","1,000 to 4,999 employees",Data or business analyst;Data scientist or machine learning specialist,6-8 years,115000.0,Yearly,115000.0
Yes,No,United States,No,Employed full-time,"Bachelor’s degree (BA, BS, B.Eng., etc.)","A natural science (ex. biology, chemistry, physics)","10,000 or more employees",Data or business analyst;Data scientist or machine learning specialist;Student,0-2 years,53000.0,Yearly,53000.0
Yes,Yes,United States,No,Employed full-time,Some college/university study without earning a degree,"A social science (ex. anthropology, psychology, political science)","5,000 to 9,999 employees",Data or business analyst;Data scientist or machine learning specialist,21-23 years,75000.0,Yearly,75000.0
No,Yes,United States,No,Employed full-time,"Other doctoral degree (Ph.D, Ed.D., etc.)","A natural science (ex. biology, chemistry, physics)",500 to 999 employees,Data scientist or machine learning specialist,9-11 years,150000.0,,150000.0
Yes,No,United States,No,Employed full-time,"Bachelor’s degree (BA, BS, B.Eng., etc.)","Another engineering discipline (ex. civil, electrical, mechanical)",500 to 999 employees,Back-end developer;Data scientist or machine learning specialist;Desktop or enterprise applications developer;Front-end developer;Full-stack developer;Product manager,3-5 years,92500.0,Yearly,92500.0
No,Yes,United States,No,Employed full-time,"Bachelor’s degree (BA, BS, B.Eng., etc.)","Another engineering discipline (ex. civil, electrical, mechanical)",100 to 499 employees,Back-end developer;Data scientist or machine learning specialist;Designer;Desktop or enterprise applications developer;Educator or academic researcher;Engineering manager;Front-end developer;Full-stack developer;Marketing or sales professional;Product manager;QA or test developer,18-20 years,175000.0,,175000.0
Yes,Yes,United States,No,Employed part-time,"Master’s degree (MA, MS, M.Eng., MBA, etc.)","A humanities discipline (ex. literature, history, philosophy)",20 to 99 employees,Back-end developer;Data scientist or machine learning specialist;Educator or academic researcher,0-2 years,1000.0,Weekly,50000.0
Yes,No,United States,No,Employed full-time,"Other doctoral degree (Ph.D, Ed.D., etc.)","Computer science, computer engineering, or software engineering","10,000 or more employees",Back-end developer;Data scientist or machine learning specialist;Database administrator;Designer;Desktop or enterprise applications developer;DevOps specialist;Educator or academic researcher;Front-end developer;Full-stack developer;Game or graphics developer;Mobile developer,30 or more years,100000.0,,100000.0
Yes,Yes,United States,No,Employed full-time,"Master’s degree (MA, MS, M.Eng., MBA, etc.)","Computer science, computer engineering, or software engineering",Fewer than 10 employees,"Back-end developer;C-suite executive (CEO, CTO, etc.);Data or business analyst;Data scientist or machine learning specialist;Database administrator;System administrator",30 or more years,13000.0,Monthly,156000.0
Yes,Yes,United States,No,Employed full-time,Some college/university study without earning a degree,"A social science (ex. anthropology, psychology, political science)","10,000 or more employees",Back-end developer;Data scientist or machine learning specialist;Full-stack developer,6-8 years,97000.0,,97000.0
Yes,No,United States,No,Employed full-time,"Secondary school (e.g. American high school, German Realschule or Gymnasium, etc.)",,10 to 19 employees,"Back-end developer;C-suite executive (CEO, CTO, etc.);Data scientist or machine learning specialist;Database administrator;Designer;DevOps specialist;Educator or academic researcher;Full-stack developer;Mobile developer;System administrator",0-2 years,470.0,Weekly,23500.0
Yes,Yes,United States,No,Employed full-time,"Bachelor’s degree (BA, BS, B.Eng., etc.)","Computer science, computer engineering, or software engineering",20 to 99 employees,Data scientist or machine learning specialist;Database administrator;DevOps specialist;Full-stack developer;Product manager,6-8 years,135000.0,Yearly,135000.0
Yes,Yes,United States,No,Employed full-time,"Master’s degree (MA, MS, M.Eng., MBA, etc.)","Computer science, computer engineering, or software engineering","10,000 or more employees",Data or business analyst;Data scientist or machine learning specialist,30 or more years,200000.0,Yearly,200000.0
Yes,No,United States,No,Employed full-time,"Bachelor’s degree (BA, BS, B.Eng., etc.)","Another engineering discipline (ex. civil, electrical, mechanical)","1,000 to 4,999 employees",Back-end developer;Data or business analyst;Data scientist or machine learning specialist,12-14 years,130000.0,Yearly,130000.0
Yes,No,United States,No,Employed full-time,"Master’s degree (MA, MS, M.Eng., MBA, etc.)","Computer science, computer engineering, or software engineering","5,000 to 9,999 employees",Back-end developer;Data scientist or machine learning specialist;Full-stack developer,3-5 years,85000.0,,85000.0
Yes,Yes,United States,No,Employed full-time,"Bachelor’s degree (BA, BS, B.Eng., etc.)","Computer science, computer engineering, or software engineering","5,000 to 9,999 employees",Back-end developer;Data scientist or machine learning specialist;Full-stack developer;Mobile developer,3-5 years,67000.0,,67000.0
Yes,No,United States,No,Employed full-time,Associate degree,"Computer science, computer engineering, or software engineering",100 to 499 employees,Data or business analyst;Data scientist or machine learning specialist,3-5 years,52000.0,,52000.0
Yes,No,United States,No,Employed part-time,"Master’s degree (MA, MS, M.Eng., MBA, etc.)","Another engineering discipline (ex. civil, electrical, mechanical)","10,000 or more employees",Back-end developer;Data scientist or machine learning specialist,18-20 years,118000.0,Yearly,118000.0
Yes,Yes,United States,No,Employed full-time,"Master’s degree (MA, MS, M.Eng., MBA, etc.)","Computer science, computer engineering, or software engineering","10,000 or more employees",Back-end developer;Data or business analyst;Data scientist or machine learning specialist;Database administrator;Desktop or enterprise applications developer;Front-end developer;Full-stack developer,30 or more years,150000.0,,150000.0
Yes,Yes,United States,No,Employed full-time,"Bachelor’s degree (BA, BS, B.Eng., etc.)","Computer science, computer engineering, or software engineering",100 to 499 employees,Back-end developer;Data or business analyst;Data scientist or machine learning specialist;Database administrator;Desktop or enterprise applications developer;DevOps specialist;Embedded applications or devices developer;Front-end developer;Full-stack developer;QA or test developer;System administrator,12-14 years,120000.0,Yearly,120000.0
Yes,No,United States,No,Employed full-time,"Bachelor’s degree (BA, BS, B.Eng., etc.)","A natural science (ex. biology, chemistry, physics)","1,000 to 4,999 employees",Data or business analyst;Data scientist or machine learning specialist;Database administrator,6-8 years,155000.0,Yearly,155000.0
Yes,No,United States,No,Employed full-time,"Master’s degree (MA, MS, M.Eng., MBA, etc.)","A natural science (ex. biology, chemistry, physics)",20 to 99 employees,Data or business analyst;Data scientist or machine learning specialist,0-2 years,40000.0,Yearly,40000.0
Yes,No,United States,"Yes, full-time",Employed full-time,"Bachelor’s degree (BA, BS, B.Eng., etc.)","Another engineering discipline (ex. civil, electrical, mechanical)","10,000 or more employees",Back-end developer;Data or business analyst;Data scientist or machine learning specialist;DevOps specialist;Front-end developer;Full-stack developer,0-2 years,70000.0,,70000.0
Yes,No,United States,"Yes, part-time",Employed full-time,"Master’s degree (MA, MS, M.Eng., MBA, etc.)",Mathematics or statistics,"10,000 or more employees",Data or business analyst;Data scientist or machine learning specialist;Designer,6-8 years,70000.0,,70000.0
Yes,Yes,United States,No,Employed full-time,"Master’s degree (MA, MS, M.Eng., MBA, etc.)","Another engineering discipline (ex. civil, electrical, mechanical)",100 to 499 employees,Back-end developer;Data scientist or machine learning specialist;DevOps specialist;Full-stack developer;QA or test developer,9-11 years,138000.0,,138000.0
Yes,Yes,United States,No,Employed full-time,"Bachelor’s degree (BA, BS, B.Eng., etc.)",Mathematics or statistics,20 to 99 employees,Data scientist or machine learning specialist,6-8 years,93000.0,Yearly,93000.0
Yes,Yes,United States,No,Employed full-time,"Bachelor’s degree (BA, BS, B.Eng., etc.)","Computer science, computer engineering, or software engineering","10,000 or more employees",Back-end developer;Data scientist or machine learning specialist;Front-end developer;Full-stack developer;Game or graphics developer,12-14 years,80000.0,,80000.0
Yes,Yes,United States,"Yes, full-time",Employed full-time,"Bachelor’s degree (BA, BS, B.Eng., etc.)","Computer science, computer engineering, or software engineering",Fewer than 10 employees,Data or business analyst;Data scientist or machine learning specialist;Designer;Desktop or enterprise applications developer;DevOps specialist;Educator or academic researcher;Embedded applications or devices developer;Game or graphics developer;Student,12-14 years,90000.0,Yearly,90000.0
Yes,Yes,United States,No,Employed full-time,"Master’s degree (MA, MS, M.Eng., MBA, etc.)","Computer science, computer engineering, or software engineering","10,000 or more employees",Back-end developer;Data scientist or machine learning specialist;Desktop or enterprise applications developer;Educator or academic researcher;Embedded applications or devices developer;Front-end developer;Full-stack developer;Game or graphics developer;Mobile developer;QA or test developer,21-23 years,330000.0,Yearly,330000.0
No,No,United States,No,Employed full-time,"Bachelor’s degree (BA, BS, B.Eng., etc.)","Another engineering discipline (ex. civil, electrical, mechanical)",500 to 999 employees,Back-end developer;Data scientist or machine learning specialist,21-23 years,2000000.0,Yearly,2000000.0
Yes,No,United States,No,Employed full-time,"Bachelor’s degree (BA, BS, B.Eng., etc.)","A social science (ex. anthropology, psychology, political science)",20 to 99 employees,Back-end developer;Data or business analyst;Data scientist or machine learning specialist;Designer;Front-end developer,0-2 years,41000.0,Weekly,2000000.0
No,No,United States,No,Employed full-time,"Bachelor’s degree (BA, BS, B.Eng., etc.)","A natural science (ex. biology, chemistry, physics)",20 to 99 employees,Data scientist or machine learning specialist;Embedded applications or devices developer;QA or test developer,0-2 years,54000.0,Yearly,54000.0
Yes,No,United States,"Yes, full-time",Employed full-time,"Master’s degree (MA, MS, M.Eng., MBA, etc.)","A humanities discipline (ex. literature, history, philosophy)",Fewer than 10 employees,Data scientist or machine learning specialist;Full-stack developer,0-2 years,75000.0,Yearly,75000.0
No,No,United States,No,Employed full-time,"Bachelor’s degree (BA, BS, B.Eng., etc.)","A social science (ex. anthropology, psychology, political science)",Fewer than 10 employees,Back-end developer;Data scientist or machine learning specialist;Database administrator;Front-end developer;Full-stack developer,3-5 years,75000.0,Yearly,75000.0
Yes,Yes,United States,No,Employed full-time,"Master’s degree (MA, MS, M.Eng., MBA, etc.)",Mathematics or statistics,20 to 99 employees,Data or business analyst;Data scientist or machine learning specialist,3-5 years,105000.0,,105000.0
No,No,United States,No,Employed full-time,"Master’s degree (MA, MS, M.Eng., MBA, etc.)","Computer science, computer engineering, or software engineering","10,000 or more employees",Data scientist or machine learning specialist,6-8 years,100000.0,Weekly,2000000.0
Yes,No,United States,No,Employed full-time,"Bachelor’s degree (BA, BS, B.Eng., etc.)","A social science (ex. anthropology, psychology, political science)",20 to 99 employees,Back-end developer;Data or business analyst;Data scientist or machine learning specialist,0-2 years,75000.0,Yearly,75000.0
No,No,United States,No,Employed full-time,"Bachelor’s degree (BA, BS, B.Eng., etc.)","Another engineering discipline (ex. civil, electrical, mechanical)",20 to 99 employees,Data scientist or machine learning specialist,15-17 years,205000.0,Yearly,205000.0
Yes,Yes,United States,No,Employed full-time,"Other doctoral degree (Ph.D, Ed.D., etc.)","A natural science (ex. biology, chemistry, physics)",100 to 499 employees,Back-end developer;Data scientist or machine learning specialist;Embedded applications or devices developer,15-17 years,100000.0,Yearly,100000.0
Yes,No,United States,No,Employed full-time,"Bachelor’s degree (BA, BS, B.Eng., etc.)",Mathematics or statistics,20 to 99 employees,Back-end developer;Data scientist or machine learning specialist;Desktop or enterprise applications developer,30 or more years,100000.0,Yearly,100000.0
No,Yes,United States,No,Employed full-time,"Master’s degree (MA, MS, M.Eng., MBA, etc.)","Computer science, computer engineering, or software engineering","10,000 or more employees",Data scientist or machine learning specialist;Full-stack developer;QA or test developer,18-20 years,105000.0,Yearly,105000.0
Yes,Yes,United States,No,Employed full-time,"Master’s degree (MA, MS, M.Eng., MBA, etc.)",Mathematics or statistics,"10,000 or more employees","C-suite executive (CEO, CTO, etc.);Data scientist or machine learning specialist",9-11 years,175000.0,Weekly,2000000.0
Yes,Yes,United States,No,Employed full-time,"Other doctoral degree (Ph.D, Ed.D., etc.)","A natural science (ex. biology, chemistry, physics)",20 to 99 employees,Back-end developer;Data scientist or machine learning specialist;Engineering manager,9-11 years,163000.0,,163000.0
Yes,Yes,United States,No,Employed full-time,"Bachelor’s degree (BA, BS, B.Eng., etc.)","Computer science, computer engineering, or software engineering",500 to 999 employees,Data or business analyst;Data scientist or machine learning specialist;Designer;Full-stack developer,6-8 years,109500.0,,109500.0
Yes,No,United States,No,Employed part-time,"Secondary school (e.g. American high school, German Realschule or Gymnasium, etc.)",,10 to 19 employees,Back-end developer;Data scientist or machine learning specialist;Designer;Full-stack developer;QA or test developer;Student,3-5 years,100.0,Weekly,5000.0
Yes,No,United States,No,Employed full-time,"Other doctoral degree (Ph.D, Ed.D., etc.)","A natural science (ex. biology, chemistry, physics)","5,000 to 9,999 employees",Back-end developer;Data scientist or machine learning specialist,15-17 years,124800.0,Weekly,2000000.0
Yes,No,United States,"Yes, full-time",Employed part-time,Some college/university study without earning a degree,"Computer science, computer engineering, or software engineering","10,000 or more employees",Back-end developer;Data scientist or machine learning specialist;Student,6-8 years,82500.0,,82500.0
Yes,No,United States,No,Employed full-time,"Master’s degree (MA, MS, M.Eng., MBA, etc.)","A natural science (ex. biology, chemistry, physics)","10,000 or more employees",Data scientist or machine learning specialist;Educator or academic researcher,3-5 years,55000.0,,55000.0
Yes,No,United States,"Yes, part-time",Employed full-time,"Bachelor’s degree (BA, BS, B.Eng., etc.)",Mathematics or statistics,"1,000 to 4,999 employees",Data scientist or machine learning specialist,3-5 years,85000.0,,85000.0
Yes,No,United States,No,Employed full-time,"Bachelor’s degree (BA, BS, B.Eng., etc.)","Another engineering discipline (ex. civil, electrical, mechanical)",20 to 99 employees,Back-end developer;Data scientist or machine learning specialist;Embedded applications or devices developer;Front-end developer;Full-stack developer,24-26 years,125000.0,,125000.0
Yes,No,United States,No,Employed full-time,"Bachelor’s degree (BA, BS, B.Eng., etc.)","Computer science, computer engineering, or software engineering",500 to 999 employees,Data scientist or machine learning specialist,9-11 years,160000.0,,160000.0
Yes,No,United States,No,Employed full-time,"Master’s degree (MA, MS, M.Eng., MBA, etc.)","A natural science (ex. biology, chemistry, physics)",100 to 499 employees,Data or business analyst;Data scientist or machine learning specialist;Database administrator;Educator or academic researcher,3-5 years,51000.0,Yearly,51000.0
Yes,Yes,United States,No,Employed full-time,"Bachelor’s degree (BA, BS, B.Eng., etc.)","Computer science, computer engineering, or software engineering",10 to 19 employees,Back-end developer;Data scientist or machine learning specialist;Front-end developer;Full-stack developer;Mobile developer,6-8 years,80000.0,,80000.0
Yes,Yes,United States,No,Employed full-time,"Other doctoral degree (Ph.D, Ed.D., etc.)","Another engineering discipline (ex. civil, electrical, mechanical)","5,000 to 9,999 employees",Data scientist or machine learning specialist;Educator or academic researcher,6-8 years,128000.0,Yearly,128000.0
No,No,United States,No,Employed full-time,"Master’s degree (MA, MS, M.Eng., MBA, etc.)",Mathematics or statistics,"1,000 to 4,999 employees",Data scientist or machine learning specialist,9-11 years,75000.0,Yearly,75000.0
Yes,No,United States,No,Employed full-time,"Bachelor’s degree (BA, BS, B.Eng., etc.)","Computer science, computer engineering, or software engineering",100 to 499 employees,Data scientist or machine learning specialist,3-5 years,76500.0,Yearly,76500.0
Yes,Yes,United States,"Yes, full-time",Employed full-time,"Master’s degree (MA, MS, M.Eng., MBA, etc.)",Mathematics or statistics,500 to 999 employees,Data scientist or machine learning specialist,9-11 years,100000.0,Yearly,100000.0
Yes,Yes,United States,No,Employed full-time,"Bachelor’s degree (BA, BS, B.Eng., etc.)","A social science (ex. anthropology, psychology, political science)",Fewer than 10 employees,Data or business analyst;Data scientist or machine learning specialist,6-8 years,50000.0,,50000.0
No,No,United States,No,Employed full-time,"Master’s degree (MA, MS, M.Eng., MBA, etc.)","Computer science, computer engineering, or software engineering",100 to 499 employees,Back-end developer;Data or business analyst;Data scientist or machine learning specialist;Engineering manager,30 or more years,236000.0,Yearly,236000.0
Yes,Yes,United States,"Yes, full-time",Employed part-time,"Secondary school (e.g. American high school, German Realschule or Gymnasium, etc.)",,"1,000 to 4,999 employees",Back-end developer;Data scientist or machine learning specialist;Front-end developer;Student;System administrator,6-8 years,150.0,Weekly,7500.0
Yes,No,United States,No,Employed full-time,"Master’s degree (MA, MS, M.Eng., MBA, etc.)","A natural science (ex. biology, chemistry, physics)",20 to 99 employees,Data scientist or machine learning specialist,15-17 years,190000.0,Yearly,190000.0
No,No,United States,No,Employed full-time,"Other doctoral degree (Ph.D, Ed.D., etc.)","Computer science, computer engineering, or software engineering","10,000 or more employees",Back-end developer;Data scientist or machine learning specialist;Database administrator;Desktop or enterprise applications developer;Front-end developer;Full-stack developer,24-26 years,150000.0,Yearly,150000.0
No,Yes,United States,"Yes, part-time",Employed full-time,"Master’s degree (MA, MS, M.Eng., MBA, etc.)","Computer science, computer engineering, or software engineering","10,000 or more employees",Data scientist or machine learning specialist;Front-end developer;Mobile developer,6-8 years,135000.0,,135000.0
Yes,No,United States,No,Employed full-time,"Other doctoral degree (Ph.D, Ed.D., etc.)","A health science (ex. nursing, pharmacy, radiology)","10,000 or more employees",Back-end developer;Data scientist or machine learning specialist,9-11 years,160000.0,,160000.0
Yes,No,United States,"Yes, part-time",Employed full-time,"Bachelor’s degree (BA, BS, B.Eng., etc.)","Computer science, computer engineering, or software engineering","10,000 or more employees",Data or business analyst;Data scientist or machine learning specialist;Database administrator;Designer,6-8 years,82500.0,,82500.0
No,Yes,United States,No,Employed full-time,"Other doctoral degree (Ph.D, Ed.D., etc.)",Mathematics or statistics,"1,000 to 4,999 employees",Data scientist or machine learning specialist;Educator or academic researcher,9-11 years,80000.0,Yearly,80000.0
Yes,Yes,United States,No,Employed full-time,"Master’s degree (MA, MS, M.Eng., MBA, etc.)","Computer science, computer engineering, or software engineering","10,000 or more employees",Data scientist or machine learning specialist,6-8 years,165000.0,,165000.0
Yes,Yes,United States,No,Employed full-time,"Bachelor’s degree (BA, BS, B.Eng., etc.)","Information systems, information technology, or system administration",100 to 499 employees,Back-end developer;Data scientist or machine learning specialist;Engineering manager;Front-end developer;Full-stack developer;System administrator,18-20 years,147000.0,Yearly,147000.0
Yes,Yes,United States,No,Employed full-time,"Master’s degree (MA, MS, M.Eng., MBA, etc.)","A business discipline (ex. accounting, finance, marketing)",10 to 19 employees,"C-suite executive (CEO, CTO, etc.);Data scientist or machine learning specialist;Full-stack developer;Product manager;System administrator",18-20 years,165000.0,Yearly,165000.0
Yes,No,United States,"Yes, full-time",Employed full-time,"Bachelor’s degree (BA, BS, B.Eng., etc.)","Computer science, computer engineering, or software engineering","1,000 to 4,999 employees",Data or business analyst;Data scientist or machine learning specialist;Student,9-11 years,25000.0,Yearly,25000.0
Yes,Yes,United States,No,Employed full-time,Some college/university study without earning a degree,"A business discipline (ex. accounting, finance, marketing)",100 to 499 employees,Back-end developer;Data scientist or machine learning specialist;Database administrator;Full-stack developer,3-5 years,120000.0,Yearly,120000.0
Yes,No,United States,"Yes, full-time",Employed full-time,"Master’s degree (MA, MS, M.Eng., MBA, etc.)","A natural science (ex. biology, chemistry, physics)",500 to 999 employees,Data scientist or machine learning specialist;Student,0-2 years,37000.0,Yearly,37000.0
Yes,Yes,United States,No,Employed full-time,"Bachelor’s degree (BA, BS, B.Eng., etc.)","Computer science, computer engineering, or software engineering","10,000 or more employees",Back-end developer;Data scientist or machine learning specialist;DevOps specialist,18-20 years,80000.0,Yearly,80000.0
Yes,No,United States,No,Employed full-time,"Bachelor’s degree (BA, BS, B.Eng., etc.)","Another engineering discipline (ex. civil, electrical, mechanical)","10,000 or more employees",Back-end developer;Data scientist or machine learning specialist;Full-stack developer,30 or more years,605000.0,Yearly,605000.0
No,No,United States,No,Employed full-time,"Bachelor’s degree (BA, BS, B.Eng., etc.)","Computer science, computer engineering, or software engineering","5,000 to 9,999 employees",Back-end developer;Data scientist or machine learning specialist;Desktop or enterprise applications developer,3-5 years,65000.0,Yearly,65000.0
No,No,United States,No,Employed full-time,"Master’s degree (MA, MS, M.Eng., MBA, etc.)","A natural science (ex. biology, chemistry, physics)",10 to 19 employees,Back-end developer;Data or business analyst;Data scientist or machine learning specialist;Database administrator;Designer;Desktop or enterprise applications developer;Educator or academic researcher;Front-end developer;Full-stack developer;Product manager;QA or test developer;System administrator,15-17 years,60000.0,Yearly,60000.0
Yes,Yes,United States,No,Employed full-time,"Master’s degree (MA, MS, M.Eng., MBA, etc.)","Information systems, information technology, or system administration",10 to 19 employees,Data or business analyst;Data scientist or machine learning specialist;Database administrator,3-5 years,75000.0,Yearly,75000.0
Yes,Yes,United States,No,Employed full-time,"Bachelor’s degree (BA, BS, B.Eng., etc.)","Computer science, computer engineering, or software engineering","10,000 or more employees",Back-end developer;Data or business analyst;Data scientist or machine learning specialist;Designer;Front-end developer;Full-stack developer;Game or graphics developer;Mobile developer;Product manager;QA or test developer,9-11 years,115000.0,,115000.0
Yes,No,United States,No,Employed full-time,"Bachelor’s degree (BA, BS, B.Eng., etc.)","Computer science, computer engineering, or software engineering",Fewer than 10 employees,Back-end developer;Data scientist or machine learning specialist;Desktop or enterprise applications developer;Embedded applications or devices developer;Full-stack developer,9-11 years,56000.0,Yearly,56000.0
Yes,No,United States,No,Employed full-time,"Master’s degree (MA, MS, M.Eng., MBA, etc.)",Mathematics or statistics,20 to 99 employees,Back-end developer;Data scientist or machine learning specialist,6-8 years,96000.0,Yearly,96000.0
Yes,Yes,United States,"Yes, full-time",Employed part-time,"Bachelor’s degree (BA, BS, B.Eng., etc.)",,500 to 999 employees,Data scientist or machine learning specialist;Educator or academic researcher,0-2 years,25000.0,Yearly,25000.0
Yes,Yes,United States,No,Employed full-time,"Bachelor’s degree (BA, BS, B.Eng., etc.)","Computer science, computer engineering, or software engineering","1,000 to 4,999 employees",Data scientist or machine learning specialist;Front-end developer;Full-stack developer;Mobile developer,9-11 years,75000.0,,75000.0
Yes,No,United States,No,Employed full-time,"Bachelor’s degree (BA, BS, B.Eng., etc.)","A social science (ex. anthropology, psychology, political science)",20 to 99 employees,Back-end developer;Data scientist or machine learning specialist,3-5 years,57000.0,Yearly,57000.0
Yes,No,United States,No,Employed full-time,"Bachelor’s degree (BA, BS, B.Eng., etc.)","Computer science, computer engineering, or software engineering",20 to 99 employees,"C-suite executive (CEO, CTO, etc.);Data scientist or machine learning specialist;DevOps specialist",30 or more years,450000.0,Yearly,450000.0
Yes,Yes,United States,No,Employed full-time,"Other doctoral degree (Ph.D, Ed.D., etc.)",Mathematics or statistics,20 to 99 employees,Back-end developer;Data scientist or machine learning specialist,12-14 years,110000.0,Yearly,110000.0
Yes,Yes,United States,No,Employed full-time,Some college/university study without earning a degree,"Computer science, computer engineering, or software engineering",10 to 19 employees,"Back-end developer;C-suite executive (CEO, CTO, etc.);Data scientist or machine learning specialist;Database administrator;Desktop or enterprise applications developer;DevOps specialist;Embedded applications or devices developer;Front-end developer;Full-stack developer",30 or more years,150000.0,Yearly,150000.0
Yes,Yes,United States,No,Employed full-time,"Bachelor’s degree (BA, BS, B.Eng., etc.)",Mathematics or statistics,Fewer than 10 employees,Data scientist or machine learning specialist;Front-end developer;Mobile developer,3-5 years,30000.0,,30000.0
Yes,Yes,United States,No,Employed full-time,"Other doctoral degree (Ph.D, Ed.D., etc.)","Computer science, computer engineering, or software engineering",Fewer than 10 employees,Back-end developer;Data or business analyst;Data scientist or machine learning specialist;Designer;DevOps specialist;Educator or academic researcher;Engineering manager;Front-end developer;Full-stack developer;Product manager;QA or test developer;System administrator,15-17 years,100000.0,,100000.0
Yes,Yes,United States,No,Employed full-time,"Master’s degree (MA, MS, M.Eng., MBA, etc.)","Computer science, computer engineering, or software engineering",100 to 499 employees,Back-end developer;Data scientist or machine learning specialist;Front-end developer;Full-stack developer,12-14 years,85000.0,,85000.0
Yes,Yes,United States,"Yes, part-time",Employed part-time,"Master’s degree (MA, MS, M.Eng., MBA, etc.)","Computer science, computer engineering, or software engineering","10,000 or more employees",Back-end developer;Data scientist or machine learning specialist;DevOps specialist;Student;System administrator,12-14 years,130000.0,Yearly,130000.0
Yes,Yes,United States,No,Employed full-time,Some college/university study without earning a degree,"A humanities discipline (ex. literature, history, philosophy)","10,000 or more employees",Data or business analyst;Data scientist or machine learning specialist,3-5 years,120000.0,Yearly,120000.0
Yes,Yes,United States,"Yes, full-time",Employed full-time,"Master’s degree (MA, MS, M.Eng., MBA, etc.)","A social science (ex. anthropology, psychology, political science)","10,000 or more employees",Data or business analyst;Data scientist or machine learning specialist;Student,6-8 years,20000.0,Yearly,20000.0
Yes,Yes,United States,No,Employed full-time,"Bachelor’s degree (BA, BS, B.Eng., etc.)","Computer science, computer engineering, or software engineering",500 to 999 employees,Back-end developer;Data or business analyst;Data scientist or machine learning specialist;Desktop or enterprise applications developer,6-8 years,105000.0,Yearly,105000.0
No,No,United States,No,Employed full-time,"Master’s degree (MA, MS, M.Eng., MBA, etc.)","Another engineering discipline (ex. civil, electrical, mechanical)","1,000 to 4,999 employees",Data scientist or machine learning specialist;Embedded applications or devices developer,6-8 years,92000.0,Yearly,92000.0
Yes,No,United States,No,Employed full-time,"Bachelor’s degree (BA, BS, B.Eng., etc.)","Computer science, computer engineering, or software engineering",20 to 99 employees,Back-end developer;Data scientist or machine learning specialist;Full-stack developer,12-14 years,135000.0,Yearly,135000.0
Yes,Yes,United States,No,Employed full-time,"Master’s degree (MA, MS, M.Eng., MBA, etc.)","A natural science (ex. biology, chemistry, physics)",Fewer than 10 employees,Data scientist or machine learning specialist,6-8 years,120000.0,,120000.0
Yes,No,United States,"Yes, full-time",Employed part-time,Some college/university study without earning a degree,"Another engineering discipline (ex. civil, electrical, mechanical)",20 to 99 employees,Back-end developer;Data scientist or machine learning specialist;Student,3-5 years,69000.0,Yearly,69000.0
Yes,Yes,United States,No,Employed full-time,"Master’s degree (MA, MS, M.Eng., MBA, etc.)","Another engineering discipline (ex. civil, electrical, mechanical)",100 to 499 employees,Back-end developer;Data scientist or machine learning specialist;Designer;Desktop or enterprise applications developer;DevOps specialist;Embedded applications or devices developer;Front-end developer;Full-stack developer;Mobile developer,30 or more years,3200.0,Weekly,160000.0
Yes,No,United States,No,Employed full-time,"Master’s degree (MA, MS, M.Eng., MBA, etc.)","A natural science (ex. biology, chemistry, physics)",20 to 99 employees,Data or business analyst;Data scientist or machine learning specialist,0-2 years,100000.0,Yearly,100000.0
Yes,No,United States,No,Employed full-time,"Bachelor’s degree (BA, BS, B.Eng., etc.)","A social science (ex. anthropology, psychology, political science)",20 to 99 employees,Data or business analyst;Data scientist or machine learning specialist,3-5 years,140000.0,,140000.0
Yes,Yes,United States,No,Employed full-time,"Bachelor’s degree (BA, BS, B.Eng., etc.)","A business discipline (ex. accounting, finance, marketing)",100 to 499 employees,Back-end developer;Data or business analyst;Data scientist or machine learning specialist;Database administrator;Designer;Desktop or enterprise applications developer;Embedded applications or devices developer;Front-end developer;Full-stack developer,30 or more years,130000.0,Yearly,130000.0
No,Yes,United States,"Yes, part-time",Employed full-time,"Bachelor’s degree (BA, BS, B.Eng., etc.)","Another engineering discipline (ex. civil, electrical, mechanical)","1,000 to 4,999 employees",Data scientist or machine learning specialist,12-14 years,120000.0,Yearly,120000.0
Yes,Yes,United States,No,Employed full-time,"Bachelor’s degree (BA, BS, B.Eng., etc.)","A social science (ex. anthropology, psychology, political science)","5,000 to 9,999 employees",Back-end developer;Data scientist or machine learning specialist,30 or more years,165000.0,,165000.0
Yes,Yes,United States,No,Employed full-time,"Master’s degree (MA, MS, M.Eng., MBA, etc.)","A natural science (ex. biology, chemistry, physics)","1,000 to 4,999 employees",Data or business analyst;Data scientist or machine learning specialist,6-8 years,78000.0,,78000.0
No,No,United States,No,Employed full-time,"Master’s degree (MA, MS, M.Eng., MBA, etc.)","Computer science, computer engineering, or software engineering",500 to 999 employees,Data or business analyst;Data scientist or machine learning specialist,9-11 years,115.0,Yearly,115.0
Yes,No,United States,No,Employed full-time,"Bachelor’s degree (BA, BS, B.Eng., etc.)","Information systems, information technology, or system administration","1,000 to 4,999 employees",Back-end developer;Data scientist or machine learning specialist;DevOps specialist;System administrator,12-14 years,100000.0,Yearly,100000.0
No,Yes,United States,No,Employed full-time,"Master’s degree (MA, MS, M.Eng., MBA, etc.)","Computer science, computer engineering, or software engineering",500 to 999 employees,Back-end developer;Data scientist or machine learning specialist;Engineering manager,18-20 years,250000.0,,250000.0
Yes,Yes,United States,No,Employed full-time,"Other doctoral degree (Ph.D, Ed.D., etc.)",Mathematics or statistics,100 to 499 employees,Data scientist or machine learning specialist,12-14 years,194600.0,,194600.0
Yes,Yes,United States,No,Employed full-time,"Master’s degree (MA, MS, M.Eng., MBA, etc.)",Mathematics or statistics,"1,000 to 4,999 employees",Back-end developer;Data scientist or machine learning specialist;Front-end developer;Full-stack developer,3-5 years,80000.0,Yearly,80000.0
Yes,No,United States,No,Employed full-time,"Bachelor’s degree (BA, BS, B.Eng., etc.)","Computer science, computer engineering, or software engineering","10,000 or more employees",Back-end developer;Data scientist or machine learning specialist,6-8 years,110000.0,,110000.0
Yes,No,United States,No,Employed full-time,"Master’s degree (MA, MS, M.Eng., MBA, etc.)","Computer science, computer engineering, or software engineering","10,000 or more employees",Back-end developer;Data scientist or machine learning specialist;Full-stack developer,9-11 years,152000.0,Yearly,152000.0
Yes,Yes,United States,No,Employed full-time,"Bachelor’s degree (BA, BS, B.Eng., etc.)",,10 to 19 employees,Back-end developer;Data scientist or machine learning specialist;Database administrator;DevOps specialist;Engineering manager;Front-end developer;Full-stack developer;System administrator,21-23 years,180000.0,Yearly,180000.0
Yes,Yes,United States,No,Employed full-time,"Other doctoral degree (Ph.D, Ed.D., etc.)","Computer science, computer engineering, or software engineering","10,000 or more employees",Back-end developer;Data scientist or machine learning specialist;Educator or academic researcher,18-20 years,135000.0,Yearly,135000.0
Yes,Yes,United States,No,Employed full-time,"Master’s degree (MA, MS, M.Eng., MBA, etc.)",Mathematics or statistics,500 to 999 employees,Data scientist or machine learning specialist,12-14 years,100000.0,Yearly,100000.0
No,No,United States,No,Employed full-time,"Bachelor’s degree (BA, BS, B.Eng., etc.)","Computer science, computer engineering, or software engineering",500 to 999 employees,Back-end developer;Data scientist or machine learning specialist;Database administrator,18-20 years,145000.0,Yearly,145000.0
No,No,United States,No,Employed full-time,"Bachelor’s degree (BA, BS, B.Eng., etc.)","A natural science (ex. biology, chemistry, physics)",100 to 499 employees,Data or business analyst;Data scientist or machine learning specialist,0-2 years,76000.0,Yearly,76000.0
Yes,No,United States,No,Employed full-time,"Master’s degree (MA, MS, M.Eng., MBA, etc.)","A social science (ex. anthropology, psychology, political science)",20 to 99 employees,Data or business analyst;Data scientist or machine learning specialist;Database administrator;Desktop or enterprise applications developer;Engineering manager;Product manager;QA or test developer,30 or more years,88000.0,Yearly,88000.0
Yes,Yes,United States,No,Employed full-time,"Master’s degree (MA, MS, M.Eng., MBA, etc.)","Information systems, information technology, or system administration","1,000 to 4,999 employees",Back-end developer;Data scientist or machine learning specialist,9-11 years,65000.0,,65000.0
No,No,United States,No,Employed full-time,"Bachelor’s degree (BA, BS, B.Eng., etc.)","Computer science, computer engineering, or software engineering",500 to 999 employees,Data or business analyst;Data scientist or machine learning specialist;Database administrator,24-26 years,154000.0,Yearly,154000.0
Yes,No,United States,"Yes, full-time",Employed part-time,Some college/university study without earning a degree,,"10,000 or more employees",Data scientist or machine learning specialist;Student,3-5 years,970.0,Weekly,48500.0
Yes,No,United States,No,Employed full-time,"Bachelor’s degree (BA, BS, B.Eng., etc.)","Computer science, computer engineering, or software engineering","1,000 to 4,999 employees",Back-end developer;Data scientist or machine learning specialist;Database administrator;Educator or academic researcher;Front-end developer;Full-stack developer,3-5 years,74000.0,,74000.0
Yes,No,United States,No,Employed full-time,"Master’s degree (MA, MS, M.Eng., MBA, etc.)","A humanities discipline (ex. literature, history, philosophy)","10,000 or more employees",Back-end developer;Data scientist or machine learning specialist;Product manager,6-8 years,175000.0,Yearly,175000.0
Yes,No,United States,No,Employed full-time,Some college/university study without earning a degree,"Computer science, computer engineering, or software engineering",100 to 499 employees,Data or business analyst;Data scientist or machine learning specialist;Database administrator,21-23 years,185000.0,Yearly,185000.0
Yes,No,United States,"Yes, full-time",Employed full-time,"Other doctoral degree (Ph.D, Ed.D., etc.)","A natural science (ex. biology, chemistry, physics)","10,000 or more employees",Data scientist or machine learning specialist;Educator or academic researcher;Student,6-8 years,20000.0,Monthly,240000.0
Yes,Yes,United States,No,Employed full-time,"Bachelor’s degree (BA, BS, B.Eng., etc.)","Computer science, computer engineering, or software engineering","10,000 or more employees",Back-end developer;Data scientist or machine learning specialist,30 or more years,210000.0,,210000.0
Yes,No,United States,No,Employed full-time,"Bachelor’s degree (BA, BS, B.Eng., etc.)",Mathematics or statistics,100 to 499 employees,Data or business analyst;Data scientist or machine learning specialist,3-5 years,80000.0,Yearly,80000.0
Yes,Yes,United States,No,Employed full-time,"Master’s degree (MA, MS, M.Eng., MBA, etc.)","Computer science, computer engineering, or software engineering",500 to 999 employees,Back-end developer;Data scientist or machine learning specialist;Database administrator;DevOps specialist;Engineering manager;Front-end developer;Full-stack developer;Mobile developer;QA or test developer;System administrator,18-20 years,159000.0,Yearly,159000.0
Yes,Yes,United States,"Yes, full-time",Employed full-time,"Bachelor’s degree (BA, BS, B.Eng., etc.)","Computer science, computer engineering, or software engineering",100 to 499 employees,Back-end developer;Data scientist or machine learning specialist;Educator or academic researcher;Front-end developer;Student,6-8 years,30000.0,,30000.0
Yes,Yes,United States,No,Employed full-time,"Other doctoral degree (Ph.D, Ed.D., etc.)","Computer science, computer engineering, or software engineering","1,000 to 4,999 employees",Back-end developer;Data scientist or machine learning specialist;Front-end developer;Full-stack developer,9-11 years,115000.0,Weekly,2000000.0
Yes,Yes,United States,"Yes, full-time",Employed full-time,"Master’s degree (MA, MS, M.Eng., MBA, etc.)","Another engineering discipline (ex. civil, electrical, mechanical)","1,000 to 4,999 employees",Data scientist or machine learning specialist,12-14 years,85000.0,Yearly,85000.0
Yes,Yes,United States,No,Employed full-time,"Bachelor’s degree (BA, BS, B.Eng., etc.)","Computer science, computer engineering, or software engineering",10 to 19 employees,Back-end developer;Data scientist or machine learning specialist;Database administrator;Desktop or enterprise applications developer;DevOps specialist;Front-end developer;Full-stack developer;Mobile developer;QA or test developer;System administrator,27-29 years,150000.0,,150000.0
Yes,No,United States,No,Employed full-time,"Bachelor’s degree (BA, BS, B.Eng., etc.)","Computer science, computer engineering, or software engineering","10,000 or more employees",Back-end developer;Data scientist or machine learning specialist;Front-end developer;Full-stack developer;Mobile developer,6-8 years,250000.0,Yearly,250000.0
Yes,No,United States,No,Employed full-time,"Bachelor’s degree (BA, BS, B.Eng., etc.)","Another engineering discipline (ex. civil, electrical, mechanical)",10 to 19 employees,Data or business analyst;Data scientist or machine learning specialist;Database administrator;Designer;Desktop or enterprise applications developer;QA or test developer;Student;System administrator,6-8 years,70000.0,Yearly,70000.0
No,No,United States,No,Employed full-time,"Other doctoral degree (Ph.D, Ed.D., etc.)",Mathematics or statistics,100 to 499 employees,Data or business analyst;Data scientist or machine learning specialist,6-8 years,85000.0,Yearly,85000.0
Yes,No,United States,No,Employed full-time,"Bachelor’s degree (BA, BS, B.Eng., etc.)","A business discipline (ex. accounting, finance, marketing)","10,000 or more employees",Data scientist or machine learning specialist;Full-stack developer,6-8 years,108000.0,Yearly,108000.0
Yes,Yes,United States,No,Employed full-time,"Master’s degree (MA, MS, M.Eng., MBA, etc.)","Another engineering discipline (ex. civil, electrical, mechanical)","1,000 to 4,999 employees",Data or business analyst;Data scientist or machine learning specialist,12-14 years,78500.0,Yearly,78500.0
No,Yes,United States,"Yes, full-time",Employed full-time,"Master’s degree (MA, MS, M.Eng., MBA, etc.)","Another engineering discipline (ex. civil, electrical, mechanical)","10,000 or more employees",Data or business analyst;Data scientist or machine learning specialist;Database administrator;Student,12-14 years,34000.0,,34000.0
Yes,Yes,United States,No,Employed full-time,"Bachelor’s degree (BA, BS, B.Eng., etc.)","Information systems, information technology, or system administration","10,000 or more employees",Data scientist or machine learning specialist;Embedded applications or devices developer;Engineering manager;Full-stack developer,24-26 years,170000.0,Yearly,170000.0
No,No,United States,No,Employed full-time,"Bachelor’s degree (BA, BS, B.Eng., etc.)","Computer science, computer engineering, or software engineering",20 to 99 employees,Data or business analyst;Data scientist or machine learning specialist,21-23 years,135000.0,,135000.0
Yes,No,United States,No,Employed full-time,"Bachelor’s degree (BA, BS, B.Eng., etc.)","Computer science, computer engineering, or software engineering","10,000 or more employees",Back-end developer;Data scientist or machine learning specialist;Full-stack developer;Mobile developer,6-8 years,103000.0,,103000.0
Yes,Yes,United States,No,Employed full-time,"Bachelor’s degree (BA, BS, B.Eng., etc.)","Computer science, computer engineering, or software engineering","1,000 to 4,999 employees",Back-end developer;Data scientist or machine learning specialist;Database administrator;Designer;Embedded applications or devices developer,9-11 years,120000.0,,120000.0
Yes,No,United States,No,Employed full-time,"Bachelor’s degree (BA, BS, B.Eng., etc.)","Computer science, computer engineering, or software engineering",100 to 499 employees,Back-end developer;Data or business analyst;Data scientist or machine learning specialist,21-23 years,137500.0,Yearly,137500.0
Yes,Yes,United States,"Yes, part-time",Employed full-time,"Bachelor’s degree (BA, BS, B.Eng., etc.)",Mathematics or statistics,100 to 499 employees,Data scientist or machine learning specialist,3-5 years,50000.0,Yearly,50000.0
Yes,No,United States,No,Employed full-time,"Other doctoral degree (Ph.D, Ed.D., etc.)",Mathematics or statistics,20 to 99 employees,Data scientist or machine learning specialist;Engineering manager;Marketing or sales professional,12-14 years,200000.0,Yearly,200000.0
Yes,Yes,United States,No,Employed full-time,"Master’s degree (MA, MS, M.Eng., MBA, etc.)",Mathematics or statistics,100 to 499 employees,Data scientist or machine learning specialist,6-8 years,130000.0,,130000.0
Yes,Yes,United States,No,Employed full-time,"Master’s degree (MA, MS, M.Eng., MBA, etc.)",Mathematics or statistics,"10,000 or more employees",Back-end developer;Data or business analyst;Data scientist or machine learning specialist;Front-end developer;Full-stack developer,15-17 years,100000.0,Yearly,100000.0
Yes,Yes,United States,No,Employed full-time,"Bachelor’s degree (BA, BS, B.Eng., etc.)",,"10,000 or more employees",Back-end developer;Data or business analyst;Data scientist or machine learning specialist;Full-stack developer,6-8 years,63000.0,Yearly,63000.0
Yes,No,United States,No,Employed full-time,"Master’s degree (MA, MS, M.Eng., MBA, etc.)","Computer science, computer engineering, or software engineering","1,000 to 4,999 employees",Data scientist or machine learning specialist;DevOps specialist;System administrator,24-26 years,65000.0,Yearly,65000.0
Yes,Yes,United States,No,Employed full-time,"Bachelor’s degree (BA, BS, B.Eng., etc.)","Another engineering discipline (ex. civil, electrical, mechanical)",Fewer than 10 employees,"Back-end developer;C-suite executive (CEO, CTO, etc.);Data scientist or machine learning specialist;Database administrator;Engineering manager;Product manager;System administrator",18-20 years,75000.0,Yearly,75000.0
Yes,Yes,United States,No,Employed full-time,"Other doctoral degree (Ph.D, Ed.D., etc.)","A natural science (ex. biology, chemistry, physics)","10,000 or more employees",Back-end developer;Data scientist or machine learning specialist;QA or test developer,9-11 years,140000.0,Yearly,140000.0
Yes,No,United States,No,Employed full-time,"Bachelor’s degree (BA, BS, B.Eng., etc.)","Computer science, computer engineering, or software engineering",100 to 499 employees,Back-end developer;Data scientist or machine learning specialist;Database administrator;Front-end developer;Full-stack developer;Mobile developer;System administrator,9-11 years,106000.0,Yearly,106000.0
Yes,No,United States,No,Employed full-time,"Other doctoral degree (Ph.D, Ed.D., etc.)",Mathematics or statistics,"5,000 to 9,999 employees",Data scientist or machine learning specialist;Full-stack developer,6-8 years,150000.0,Yearly,150000.0
Yes,No,United States,No,Employed full-time,"Bachelor’s degree (BA, BS, B.Eng., etc.)","Information systems, information technology, or system administration","10,000 or more employees",Data scientist or machine learning specialist;Embedded applications or devices developer;Full-stack developer;Marketing or sales professional;Product manager,15-17 years,165000.0,Yearly,165000.0
Yes,No,United States,"Yes, part-time",Employed full-time,"Master’s degree (MA, MS, M.Eng., MBA, etc.)","Another engineering discipline (ex. civil, electrical, mechanical)","10,000 or more employees",Data or business analyst;Data scientist or machine learning specialist,15-17 years,107000.0,,107000.0
Yes,No,United States,No,Employed full-time,"Master’s degree (MA, MS, M.Eng., MBA, etc.)","A social science (ex. anthropology, psychology, political science)","10,000 or more employees",Data or business analyst;Data scientist or machine learning specialist,3-5 years,130000.0,Yearly,130000.0
No,No,United States,No,Employed full-time,"Master’s degree (MA, MS, M.Eng., MBA, etc.)","Computer science, computer engineering, or software engineering","10,000 or more employees",Back-end developer;Data scientist or machine learning specialist,6-8 years,68000.0,Yearly,68000.0
Yes,No,United States,No,Employed full-time,"Bachelor’s degree (BA, BS, B.Eng., etc.)","Computer science, computer engineering, or software engineering",10 to 19 employees,Back-end developer;Data or business analyst;Data scientist or machine learning specialist;Database administrator;Designer;Desktop or enterprise applications developer;DevOps specialist;Engineering manager;Front-end developer;Full-stack developer;Mobile developer;QA or test developer;System administrator,6-8 years,78000.0,Monthly,936000.0
Yes,Yes,United States,No,Employed full-time,"Bachelor’s degree (BA, BS, B.Eng., etc.)","Fine arts or performing arts (ex. graphic design, music, studio art)","1,000 to 4,999 employees",Back-end developer;Data scientist or machine learning specialist;Desktop or enterprise applications developer;Front-end developer;Full-stack developer,3-5 years,112000.0,,112000.0
No,Yes,United States,No,Employed full-time,"Bachelor’s degree (BA, BS, B.Eng., etc.)","Computer science, computer engineering, or software engineering","1,000 to 4,999 employees",Back-end developer;Data scientist or machine learning specialist;Full-stack developer,9-11 years,105000.0,Yearly,105000.0
Yes,Yes,United States,No,Employed full-time,"Master’s degree (MA, MS, M.Eng., MBA, etc.)","A natural science (ex. biology, chemistry, physics)",100 to 499 employees,Back-end developer;Data or business analyst;Data scientist or machine learning specialist,15-17 years,82500.0,,82500.0
Yes,No,United States,No,Employed full-time,"Bachelor’s degree (BA, BS, B.Eng., etc.)",Mathematics or statistics,"10,000 or more employees",Back-end developer;Data scientist or machine learning specialist,18-20 years,256000.0,Yearly,256000.0
Yes,Yes,United States,No,Employed full-time,"Master’s degree (MA, MS, M.Eng., MBA, etc.)","Computer science, computer engineering, or software engineering","1,000 to 4,999 employees",Back-end developer;Data scientist or machine learning specialist;Desktop or enterprise applications developer;System administrator,12-14 years,125000.0,Yearly,125000.0
No,No,United States,No,Employed full-time,"Master’s degree (MA, MS, M.Eng., MBA, etc.)","Computer science, computer engineering, or software engineering",20 to 99 employees,Data scientist or machine learning specialist,3-5 years,90000.0,Monthly,1080000.0
Yes,Yes,United States,No,Employed full-time,"Master’s degree (MA, MS, M.Eng., MBA, etc.)",Mathematics or statistics,"5,000 to 9,999 employees",Data or business analyst;Data scientist or machine learning specialist;Database administrator;DevOps specialist,6-8 years,90000.0,Yearly,90000.0
No,No,United States,No,Employed full-time,"Other doctoral degree (Ph.D, Ed.D., etc.)","A natural science (ex. biology, chemistry, physics)",10 to 19 employees,Data scientist or machine learning specialist,12-14 years,115000.0,,115000.0
Yes,Yes,United States,No,Employed full-time,"Master’s degree (MA, MS, M.Eng., MBA, etc.)","A humanities discipline (ex. literature, history, philosophy)","5,000 to 9,999 employees",Data scientist or machine learning specialist;Desktop or enterprise applications developer,9-11 years,110000.0,Yearly,110000.0
Yes,No,United States,No,Employed full-time,"Bachelor’s degree (BA, BS, B.Eng., etc.)",,"5,000 to 9,999 employees",Back-end developer;Data or business analyst;Data scientist or machine learning specialist,3-5 years,60000.0,Yearly,60000.0
Yes,Yes,United States,No,Employed full-time,"Master’s degree (MA, MS, M.Eng., MBA, etc.)","A business discipline (ex. accounting, finance, marketing)","10,000 or more employees",Data or business analyst;Data scientist or machine learning specialist;System administrator,9-11 years,74100.0,Yearly,74100.0
Yes,No,United States,No,Employed full-time,Some college/university study without earning a degree,I never declared a major,20 to 99 employees,Data scientist or machine learning specialist;Database administrator;Designer;Desktop or enterprise applications developer;Full-stack developer;Mobile developer,6-8 years,85000.0,Yearly,85000.0
Yes,Yes,United States,No,Employed full-time,"Master’s degree (MA, MS, M.Eng., MBA, etc.)","Another engineering discipline (ex. civil, electrical, mechanical)",20 to 99 employees,Back-end developer;Data scientist or machine learning specialist;Full-stack developer,15-17 years,150000.0,Yearly,150000.0
Yes,No,United States,No,Employed full-time,"Master’s degree (MA, MS, M.Eng., MBA, etc.)",Mathematics or statistics,100 to 499 employees,Data scientist or machine learning specialist,6-8 years,65000.0,Yearly,65000.0
Yes,No,United States,No,Employed full-time,"Master’s degree (MA, MS, M.Eng., MBA, etc.)","A humanities discipline (ex. literature, history, philosophy)",100 to 499 employees,Data scientist or machine learning specialist,3-5 years,130000.0,,130000.0
Yes,Yes,United States,No,Employed full-time,"Bachelor’s degree (BA, BS, B.Eng., etc.)","Another engineering discipline (ex. civil, electrical, mechanical)",20 to 99 employees,Data scientist or machine learning specialist;Full-stack developer,6-8 years,142000.0,,142000.0
Yes,Yes,United States,No,Employed full-time,"Other doctoral degree (Ph.D, Ed.D., etc.)","A social science (ex. anthropology, psychology, political science)","5,000 to 9,999 employees",Data scientist or machine learning specialist;Educator or academic researcher;Full-stack developer;QA or test developer;System administrator,9-11 years,126000.0,Yearly,126000.0
Yes,No,United States,No,Employed full-time,"Other doctoral degree (Ph.D, Ed.D., etc.)","A social science (ex. anthropology, psychology, political science)","1,000 to 4,999 employees",Data or business analyst;Data scientist or machine learning specialist,9-11 years,110000.0,,110000.0
Yes,Yes,United States,No,Employed full-time,"Master’s degree (MA, MS, M.Eng., MBA, etc.)",Mathematics or statistics,Fewer than 10 employees,Data scientist or machine learning specialist,3-5 years,150000.0,Yearly,150000.0
No,No,United States,No,Employed full-time,"Bachelor’s degree (BA, BS, B.Eng., etc.)","Another engineering discipline (ex. civil, electrical, mechanical)",100 to 499 employees,Back-end developer;Data or business analyst;Data scientist or machine learning specialist;Embedded applications or devices developer;Product manager,6-8 years,100000.0,Yearly,100000.0
Yes,Yes,United States,No,Employed full-time,"Secondary school (e.g. American high school, German Realschule or Gymnasium, etc.)",,20 to 99 employees,Back-end developer;Data or business analyst;Data scientist or machine learning specialist;QA or test developer,30 or more years,120000.0,,120000.0
Yes,No,United States,No,Employed full-time,"Master’s degree (MA, MS, M.Eng., MBA, etc.)","A natural science (ex. biology, chemistry, physics)","1,000 to 4,999 employees",Data scientist or machine learning specialist,12-14 years,130000.0,,130000.0
Yes,No,United States,No,Employed full-time,"Secondary school (e.g. American high school, German Realschule or Gymnasium, etc.)",,20 to 99 employees,Back-end developer;Data scientist or machine learning specialist;Engineering manager;Front-end developer;Full-stack developer,9-11 years,120000.0,Yearly,120000.0
Yes,Yes,United States,No,Employed full-time,"Master’s degree (MA, MS, M.Eng., MBA, etc.)","Computer science, computer engineering, or software engineering","10,000 or more employees",Data scientist or machine learning specialist;Desktop or enterprise applications developer;Product manager,6-8 years,12000.0,Monthly,144000.0
Yes,No,United States,No,Employed full-time,"Bachelor’s degree (BA, BS, B.Eng., etc.)","Computer science, computer engineering, or software engineering","10,000 or more employees",Back-end developer;Data scientist or machine learning specialist;Desktop or enterprise applications developer;Mobile developer,6-8 years,130000.0,Yearly,130000.0
Yes,No,United States,No,Employed full-time,"Master’s degree (MA, MS, M.Eng., MBA, etc.)","Another engineering discipline (ex. civil, electrical, mechanical)",20 to 99 employees,Back-end developer;Data scientist or machine learning specialist,3-5 years,135000.0,Yearly,135000.0
Yes,No,United States,No,Employed full-time,"Master’s degree (MA, MS, M.Eng., MBA, etc.)",Mathematics or statistics,"10,000 or more employees",Back-end developer;Data scientist or machine learning specialist;Designer,21-23 years,120000.0,Yearly,120000.0
Yes,Yes,United States,No,Employed full-time,Some college/university study without earning a degree,"Another engineering discipline (ex. civil, electrical, mechanical)","10,000 or more employees","C-suite executive (CEO, CTO, etc.);Data or business analyst;Data scientist or machine learning specialist;Database administrator;Designer;DevOps specialist;Embedded applications or devices developer;Full-stack developer;System administrator",9-11 years,6.31,Yearly,75126.0
Yes,No,United States,No,Employed full-time,"Master’s degree (MA, MS, M.Eng., MBA, etc.)","A humanities discipline (ex. literature, history, philosophy)","1,000 to 4,999 employees",Data or business analyst;Data scientist or machine learning specialist;Product manager,12-14 years,165000.0,Yearly,165000.0
Yes,Yes,United States,No,Employed full-time,"Master’s degree (MA, MS, M.Eng., MBA, etc.)","Another engineering discipline (ex. civil, electrical, mechanical)",500 to 999 employees,Data scientist or machine learning specialist,3-5 years,82000.0,,82000.0
Yes,No,United States,"Yes, full-time",Employed full-time,"Bachelor’s degree (BA, BS, B.Eng., etc.)","Computer science, computer engineering, or software engineering",20 to 99 employees,"Back-end developer;C-suite executive (CEO, CTO, etc.);Data scientist or machine learning specialist;Engineering manager;Front-end developer;Full-stack developer;Product manager",18-20 years,165000.0,Yearly,165000.0
Yes,Yes,United States,No,"Independent contractor, freelancer, or self-employed","Other doctoral degree (Ph.D, Ed.D., etc.)","Computer science, computer engineering, or software engineering",,"Back-end developer;C-suite executive (CEO, CTO, etc.);Data scientist or machine learning specialist;Educator or academic researcher;Front-end developer;Full-stack developer",15-17 years,160000.0,Yearly,160000.0
Yes,No,United States,No,Employed full-time,Some college/university study without earning a degree,I never declared a major,,Data scientist or machine learning specialist;Designer;DevOps specialist,30 or more years,150000.0,Yearly,150000.0
Yes,Yes,United States,No,"Independent contractor, freelancer, or self-employed","Bachelor’s degree (BA, BS, B.Eng., etc.)","A social science (ex. anthropology, psychology, political science)",,Back-end developer;Data scientist or machine learning specialist;Educator or academic researcher,6-8 years,55000.0,Yearly,55000.0
Yes,Yes,United States,No,"Independent contractor, freelancer, or self-employed","Bachelor’s degree (BA, BS, B.Eng., etc.)","Computer science, computer engineering, or software engineering",,Data scientist or machine learning specialist;Database administrator;Educator or academic researcher;Full-stack developer;Product manager,9-11 years,140000.0,Yearly,140000.0
Yes,Yes,United States,"Yes, full-time",Employed full-time,"Master’s degree (MA, MS, M.Eng., MBA, etc.)","A natural science (ex. biology, chemistry, physics)",,Data scientist or machine learning specialist;Full-stack developer;Student,6-8 years,28000.0,,28000.0
Yes,No,United States,No,"Independent contractor, freelancer, or self-employed","Other doctoral degree (Ph.D, Ed.D., etc.)","A natural science (ex. biology, chemistry, physics)",,Data scientist or machine learning specialist,6-8 years,80000.0,Yearly,80000.0
Yes,Yes,United States,"Yes, full-time","Independent contractor, freelancer, or self-employed","Bachelor’s degree (BA, BS, B.Eng., etc.)","Computer science, computer engineering, or software engineering",,Back-end developer;Data scientist or machine learning specialist;Educator or academic researcher;Student,6-8 years,150000.0,Yearly,150000.0
Yes,No,United States,No,"Independent contractor, freelancer, or self-employed","Bachelor’s degree (BA, BS, B.Eng., etc.)","Computer science, computer engineering, or software engineering",,Back-end developer;Data scientist or machine learning specialist;Desktop or enterprise applications developer;Embedded applications or devices developer,30 or more years,155000.0,Yearly,155000.0
Yes,Yes,United States,No,"Independent contractor, freelancer, or self-employed","Bachelor’s degree (BA, BS, B.Eng., etc.)","A natural science (ex. biology, chemistry, physics)",,"Back-end developer;C-suite executive (CEO, CTO, etc.);Data scientist or machine learning specialist;DevOps specialist;Full-stack developer",6-8 years,240000.0,Yearly,240000.0
Yes,No,United States,No,"Independent contractor, freelancer, or self-employed","Bachelor’s degree (BA, BS, B.Eng., etc.)","A natural science (ex. biology, chemistry, physics)",,Data or business analyst;Data scientist or machine learning specialist;Database administrator,3-5 years,45000.0,Yearly,45000.0
No,Yes,United States,No,"Independent contractor, freelancer, or self-employed","Secondary school (e.g. American high school, German Realschule or Gymnasium, etc.)",,,"Back-end developer;C-suite executive (CEO, CTO, etc.);Data or business analyst;Data scientist or machine learning specialist;Database administrator;DevOps specialist;Marketing or sales professional;System administrator",24-26 years,150000.0,Yearly,150000.0
Yes,No,United States,No,"Independent contractor, freelancer, or self-employed",Some college/university study without earning a degree,"Computer science, computer engineering, or software engineering",,Back-end developer;Data scientist or machine learning specialist;Desktop or enterprise applications developer;Front-end developer;Full-stack developer,30 or more years,140000.0,Yearly,140000.0
Yes,No,United States,"Yes, full-time",Employed part-time,"Bachelor’s degree (BA, BS, B.Eng., etc.)","Computer science, computer engineering, or software engineering",,Data scientist or machine learning specialist;Educator or academic researcher;Student,9-11 years,2200.0,Monthly,26400.0
Yes,No,United States,No,"Independent contractor, freelancer, or self-employed",Primary/elementary school,,,"Back-end developer;C-suite executive (CEO, CTO, etc.);Data or business analyst;Data scientist or machine learning specialist;Full-stack developer;Marketing or sales professional;Product manager",9-11 years,150000.0,Yearly,150000.0
Yes,Yes,United States,No,"Independent contractor, freelancer, or self-employed",I never completed any formal education,,,"Back-end developer;C-suite executive (CEO, CTO, etc.);Data or business analyst;Data scientist or machine learning specialist;Database administrator;Designer;Desktop or enterprise applications developer;DevOps specialist;Educator or academic researcher;Embedded applications or devices developer;Engineering manager;Front-end developer;Full-stack developer;Game or graphics developer;Marketing or sales professional;Mobile developer;Product manager;QA or test developer;Student;System administrator",15-17 years,897.0,Monthly,10764.0
Yes,Yes,United States,No,Employed full-time,"Master’s degree (MA, MS, M.Eng., MBA, etc.)",Mathematics or statistics,,Data scientist or machine learning specialist;Desktop or enterprise applications developer;Front-end developer;Full-stack developer;Mobile developer,9-11 years,98000.0,,98000.0
Yes,Yes,United States,No,"Independent contractor, freelancer, or self-employed","Master’s degree (MA, MS, M.Eng., MBA, etc.)","A natural science (ex. biology, chemistry, physics)",,Back-end developer;Data or business analyst;Data scientist or machine learning specialist;Desktop or enterprise applications developer,12-14 years,1750.0,Weekly,87500.0
No,No,United States,"Yes, part-time",Employed full-time,"Bachelor’s degree (BA, BS, B.Eng., etc.)","Computer science, computer engineering, or software engineering",,Back-end developer;Data or business analyst;Data scientist or machine learning specialist;Educator or academic researcher;Front-end developer;Full-stack developer,9-11 years,56000.0,Yearly,56000.0
Yes,No,United States,"Yes, part-time","Independent contractor, freelancer, or self-employed",Some college/university study without earning a degree,Mathematics or statistics,,"C-suite executive (CEO, CTO, etc.);Data scientist or machine learning specialist;System administrator",6-8 years,250000.0,Yearly,250000.0
Yes,Yes,United States,"Yes, full-time",Employed full-time,"Master’s degree (MA, MS, M.Eng., MBA, etc.)","Computer science, computer engineering, or software engineering",,Data or business analyst;Data scientist or machine learning specialist;Database administrator;Designer;Educator or academic researcher;Front-end developer;Full-stack developer,12-14 years,25000.0,Yearly,25000.0
Yes,No,United States,"Yes, full-time",Employed full-time,"Bachelor’s degree (BA, BS, B.Eng., etc.)",Mathematics or statistics,,Back-end developer;Data or business analyst;Data scientist or machine learning specialist;Educator or academic researcher,3-5 years,37000.0,Yearly,37000.0
Yes,Yes,United States,No,"Independent contractor, freelancer, or self-employed","Bachelor’s degree (BA, BS, B.Eng., etc.)","A natural science (ex. biology, chemistry, physics)",,Back-end developer;Data or business analyst;Data scientist or machine learning specialist;Embedded applications or devices developer;Full-stack developer;System administrator,3-5 years,2000.0,Weekly,100000.0
Yes,No,United States,No,"Independent contractor, freelancer, or self-employed","Other doctoral degree (Ph.D, Ed.D., etc.)","A natural science (ex. biology, chemistry, physics)",,Back-end developer;Data scientist or machine learning specialist;Database administrator;Full-stack developer;System administrator,21-23 years,180000.0,,180000.0
Yes,Yes,United States,No,Employed full-time,"Master’s degree (MA, MS, M.Eng., MBA, etc.)","Computer science, computer engineering, or software engineering",,Data scientist or machine learning specialist;Designer;Desktop or enterprise applications developer;Embedded applications or devices developer,6-8 years,100000.0,,100000.0
Yes,No,United States,No,"Independent contractor, freelancer, or self-employed","Other doctoral degree (Ph.D, Ed.D., etc.)","Another engineering discipline (ex. civil, electrical, mechanical)",,Data or business analyst;Data scientist or machine learning specialist;Game or graphics developer,21-23 years,80000.0,Yearly,80000.0
Yes,Yes,United States,No,"Independent contractor, freelancer, or self-employed","Bachelor’s degree (BA, BS, B.Eng., etc.)","A social science (ex. anthropology, psychology, political science)",,Back-end developer;Data scientist or machine learning specialist;Designer;Front-end developer;Full-stack developer,6-8 years,1200.0,Weekly,60000.0
Yes,Yes,United States,No,"Independent contractor, freelancer, or self-employed","Master’s degree (MA, MS, M.Eng., MBA, etc.)","Fine arts or performing arts (ex. graphic design, music, studio art)",,Back-end developer;Data scientist or machine learning specialist;Database administrator;Designer;Educator or academic researcher;Full-stack developer,15-17 years,65000.0,Yearly,65000.0
No,Yes,United States,No,"Independent contractor, freelancer, or self-employed","Other doctoral degree (Ph.D, Ed.D., etc.)",Mathematics or statistics,,Back-end developer;Data or business analyst;Data scientist or machine learning specialist,18-20 years,7000.0,Weekly,350000.0
Yes,Yes,United States,No,"Independent contractor, freelancer, or self-employed","Bachelor’s degree (BA, BS, B.Eng., etc.)","A social science (ex. anthropology, psychology, political science)",,Data scientist or machine learning specialist;Full-stack developer,24-26 years,120000.0,Yearly,120000.0
Yes,No,United States,"Yes, full-time",Employed part-time,"Secondary school (e.g. American high school, German Realschule or Gymnasium, etc.)",,,Data scientist or machine learning specialist;Student,6-8 years,300.0,Weekly,15000.0
Yes,Yes,United States,"Yes, part-time","Independent contractor, freelancer, or self-employed","Secondary school (e.g. American high school, German Realschule or Gymnasium, etc.)",,,Data scientist or machine learning specialist;Educator or academic researcher;Game or graphics developer;Mobile developer;Student,6-8 years,240.0,Weekly,12000.0
Yes,Yes,United States,No,"Independent contractor, freelancer, or self-employed",Some college/university study without earning a degree,"Computer science, computer engineering, or software engineering",,"C-suite executive (CEO, CTO, etc.);Data scientist or machine learning specialist;Database administrator;Desktop or enterprise applications developer;Embedded applications or devices developer;Full-stack developer;Product manager;System administrator",15-17 years,65000.0,Yearly,65000.0
Yes,Yes,United States,"Yes, full-time","Independent contractor, freelancer, or self-employed","Master’s degree (MA, MS, M.Eng., MBA, etc.)","Information systems, information technology, or system administration",,Data or business analyst;Data scientist or machine learning specialist;Educator or academic researcher,18-20 years,1200000.0,Yearly,18785.0
Yes,No,United States,"Yes, full-time",Employed part-time,Some college/university study without earning a degree,"Computer science, computer engineering, or software engineering",,Data scientist or machine learning specialist;Educator or academic researcher;Front-end developer;Student,6-8 years,40000.0,Yearly,40000.0
Yes,Yes,United States,"Yes, full-time",Employed part-time,"Secondary school (e.g. American high school, German Realschule or Gymnasium, etc.)",,,Back-end developer;Data or business analyst;Data scientist or machine learning specialist;Database administrator;Desktop or enterprise applications developer;Front-end developer;Full-stack developer;Mobile developer;Student,6-8 years,4000.0,Yearly,4000.0
Yes,No,United States,No,Employed full-time,Some college/university study without earning a degree,"Computer science, computer engineering, or software engineering",,Back-end developer;Data or business analyst;Data scientist or machine learning specialist;Database administrator;Desktop or enterprise applications developer;Embedded applications or devices developer;Engineering manager;Front-end developer;Full-stack developer;Game or graphics developer;Mobile developer,24-26 years,170000.0,,170000.0
Yes,Yes,United States,"Yes, full-time",Employed part-time,"Bachelor’s degree (BA, BS, B.Eng., etc.)","Computer science, computer engineering, or software engineering",,Data or business analyst;Data scientist or machine learning specialist;Educator or academic researcher;Student,12-14 years,60000.0,Monthly,720000.0
No,No,United States,"Yes, full-time",Employed full-time,"Bachelor’s degree (BA, BS, B.Eng., etc.)","Computer science, computer engineering, or software engineering",,Data scientist or machine learning specialist;Designer;Full-stack developer;QA or test developer,6-8 years,29000.0,Yearly,29000.0
Yes,No,United States,No,"Independent contractor, freelancer, or self-employed","Other doctoral degree (Ph.D, Ed.D., etc.)","Computer science, computer engineering, or software engineering",,"Back-end developer;C-suite executive (CEO, CTO, etc.);Data scientist or machine learning specialist;Engineering manager;Front-end developer;Full-stack developer",24-26 years,3000.0,Weekly,150000.0
Yes,No,United States,,"Independent contractor, freelancer, or self-employed","Bachelor’s degree (BA, BS, B.Eng., etc.)",Mathematics or statistics,,Back-end developer;Data scientist or machine learning specialist;Full-stack developer,3-5 years,100000.0,Yearly,100000.0
Yes,No,United States,No,Employed full-time,"Bachelor’s degree (BA, BS, B.Eng., etc.)","Computer science, computer engineering, or software engineering",,Back-end developer;Data or business analyst;Data scientist or machine learning specialist,3-5 years,91000.0,Yearly,91000.0
Yes,No,United States,No,"Independent contractor, freelancer, or self-employed","Bachelor’s degree (BA, BS, B.Eng., etc.)","A natural science (ex. biology, chemistry, physics)",,Data or business analyst;Data scientist or machine learning specialist,12-14 years,6000.0,Monthly,72000.0
Yes,No,United States,No,"Independent contractor, freelancer, or self-employed","Other doctoral degree (Ph.D, Ed.D., etc.)","A natural science (ex. biology, chemistry, physics)",,Data scientist or machine learning specialist;Full-stack developer;Mobile developer,18-20 years,100000.0,Yearly,122388.0
Yes,Yes,United States,No,"Independent contractor, freelancer, or self-employed","Bachelor’s degree (BA, BS, B.Eng., etc.)","Fine arts or performing arts (ex. graphic design, music, studio art)",,Back-end developer;Data scientist or machine learning specialist;Database administrator;Designer;DevOps specialist;Front-end developer;Full-stack developer;Marketing or sales professional;Mobile developer;Product manager;QA or test developer;System administrator,18-20 years,50000.0,Yearly,50000.0
Yes,Yes,United States,"Yes, full-time","Independent contractor, freelancer, or self-employed",Associate degree,"A natural science (ex. biology, chemistry, physics)",,Data scientist or machine learning specialist;Student,3-5 years,1.0,Yearly,11906.0
Yes,Yes,United States,"Yes, part-time","Independent contractor, freelancer, or self-employed",Some college/university study without earning a degree,"A humanities discipline (ex. literature, history, philosophy)",,"Back-end developer;C-suite executive (CEO, CTO, etc.);Data or business analyst;Data scientist or machine learning specialist;Database administrator;Designer;DevOps specialist;Embedded applications or devices developer;Front-end developer;Full-stack developer;Game or graphics developer;Marketing or sales professional;Mobile developer;Product manager;Student;System administrator",12-14 years,7500.0,Monthly,90000.0
Yes,No,United States,No,"Independent contractor, freelancer, or self-employed","Bachelor’s degree (BA, BS, B.Eng., etc.)",Mathematics or statistics,,"C-suite executive (CEO, CTO, etc.);Data scientist or machine learning specialist;Full-stack developer",6-8 years,150000.0,,150000.0
Yes,Yes,United States,,"Independent contractor, freelancer, or self-employed",Associate degree,Mathematics or statistics,,Back-end developer;Data scientist or machine learning specialist;Database administrator;DevOps specialist;Engineering manager;Full-stack developer;System administrator,3-5 years,75000.0,Yearly,75000.0
Yes,Yes,United States,No,"Independent contractor, freelancer, or self-employed","Bachelor’s degree (BA, BS, B.Eng., etc.)","A social science (ex. anthropology, psychology, political science)",,Back-end developer;Data or business analyst;Data scientist or machine learning specialist;Database administrator;Front-end developer;Full-stack developer;QA or test developer,3-5 years,300.0,Weekly,15000.0
Yes,Yes,United States,No,"Independent contractor, freelancer, or self-employed","Bachelor’s degree (BA, BS, B.Eng., etc.)","Computer science, computer engineering, or software engineering",,"Back-end developer;C-suite executive (CEO, CTO, etc.);Data or business analyst;Data scientist or machine learning specialist;Designer;Desktop or enterprise applications developer;Embedded applications or devices developer;Engineering manager;Front-end developer;Full-stack developer;Game or graphics developer;Mobile developer;System administrator",30 or more years,12000.0,Monthly,144000.0
Yes,Yes,United States,No,"Independent contractor, freelancer, or self-employed","Other doctoral degree (Ph.D, Ed.D., etc.)","Another engineering discipline (ex. civil, electrical, mechanical)",,Data or business analyst;Data scientist or machine learning specialist;Database administrator;Educator or academic researcher;System administrator,24-26 years,11000.0,Monthly,132000.0
No,Yes,United States,No,"Independent contractor, freelancer, or self-employed",Some college/university study without earning a degree,"Fine arts or performing arts (ex. graphic design, music, studio art)",,Back-end developer;Data or business analyst;Data scientist or machine learning specialist;Database administrator;Designer;System administrator,21-23 years,140000.0,Yearly,140000.0
Yes,Yes,United States,"Yes, full-time",Employed full-time,"Master’s degree (MA, MS, M.Eng., MBA, etc.)","Another engineering discipline (ex. civil, electrical, mechanical)",,Data scientist or machine learning specialist;Educator or academic researcher;Student,6-8 years,32400.0,Yearly,32400.0
No,Yes,United States,No,Employed full-time,"Master’s degree (MA, MS, M.Eng., MBA, etc.)","Another engineering discipline (ex. civil, electrical, mechanical)",,Back-end developer;Data or business analyst;Data scientist or machine learning specialist;Designer;QA or test developer;System administrator,3-5 years,80000.0,Yearly,80000.0
No,Yes,United States,No,Employed full-time,"Bachelor’s degree (BA, BS, B.Eng., etc.)","Computer science, computer engineering, or software engineering",,Data scientist or machine learning specialist;Desktop or enterprise applications developer;Educator or academic researcher;Full-stack developer;System administrator,18-20 years,5465.0,Monthly,65580.0
No,Yes,United States,No,"Independent contractor, freelancer, or self-employed","Master’s degree (MA, MS, M.Eng., MBA, etc.)","A natural science (ex. biology, chemistry, physics)",,Data scientist or machine learning specialist;Database administrator;Full-stack developer;QA or test developer,21-23 years,107000.0,,107000.0
No,No,United States,"Yes, full-time",Employed full-time,"Bachelor’s degree (BA, BS, B.Eng., etc.)","Another engineering discipline (ex. civil, electrical, mechanical)",,Back-end developer;Data scientist or machine learning specialist;Student,3-5 years,23000.0,Yearly,23000.0
Yes,No,United States,No,"Independent contractor, freelancer, or self-employed","Master’s degree (MA, MS, M.Eng., MBA, etc.)","A social science (ex. anthropology, psychology, political science)",,Back-end developer;Data scientist or machine learning specialist;Database administrator;Desktop or enterprise applications developer;DevOps specialist;Front-end developer;Full-stack developer;Mobile developer;System administrator,24-26 years,96000.0,Yearly,96000.0
Yes,No,United States,No,"Independent contractor, freelancer, or self-employed","Master’s degree (MA, MS, M.Eng., MBA, etc.)","Computer science, computer engineering, or software engineering",,"Back-end developer;C-suite executive (CEO, CTO, etc.);Data scientist or machine learning specialist;Database administrator;Designer;Engineering manager;Front-end developer;Full-stack developer;Mobile developer",30 or more years,180000.0,Yearly,180000.0
Yes,No,United States,No,"Independent contractor, freelancer, or self-employed",Associate degree,"A humanities discipline (ex. literature, history, philosophy)",,Back-end developer;Data scientist or machine learning specialist;Front-end developer;Full-stack developer,18-20 years,160000.0,Yearly,160000.0
Yes,No,United States,No,"Independent contractor, freelancer, or self-employed","Professional degree (JD, MD, etc.)","Computer science, computer engineering, or software engineering",,Data scientist or machine learning specialist,30 or more years,175000.0,,175000.0
Yes,Yes,United States,No,Employed full-time,"Bachelor’s degree (BA, BS, B.Eng., etc.)","Computer science, computer engineering, or software engineering",,Back-end developer;Data or business analyst;Data scientist or machine learning specialist;Embedded applications or devices developer;Front-end developer;Full-stack developer;Mobile developer,6-8 years,70000.0,,70000.0
Yes,Yes,United States,No,"Independent contractor, freelancer, or self-employed","Bachelor’s degree (BA, BS, B.Eng., etc.)","A humanities discipline (ex. literature, history, philosophy)",,Back-end developer;Data or business analyst;Data scientist or machine learning specialist;DevOps specialist;Educator or academic researcher;QA or test developer,15-17 years,250000.0,,250000.0
Yes,Yes,United States,"Yes, full-time",Employed full-time,"Other doctoral degree (Ph.D, Ed.D., etc.)","A natural science (ex. biology, chemistry, physics)",,Data scientist or machine learning specialist,9-11 years,20000.0,Yearly,20000.0
Yes,No,United States,No,"Independent contractor, freelancer, or self-employed","Other doctoral degree (Ph.D, Ed.D., etc.)","A natural science (ex. biology, chemistry, physics)",,Back-end developer;Data or business analyst;Data scientist or machine learning specialist;Database administrator;Designer;System administrator,30 or more years,25000.0,Monthly,300000.0
No,No,United States,"Yes, part-time",Employed full-time,"Master’s degree (MA, MS, M.Eng., MBA, etc.)","Computer science, computer engineering, or software engineering",,Data or business analyst;Data scientist or machine learning specialist,6-8 years,1000.0,Monthly,12000.0
Yes,Yes,United States,No,"Independent contractor, freelancer, or self-employed","Master’s degree (MA, MS, M.Eng., MBA, etc.)","A business discipline (ex. accounting, finance, marketing)",,Back-end developer;Data or business analyst;Data scientist or machine learning specialist;Database administrator;Full-stack developer;System administrator,6-8 years,135200.0,Yearly,135200.0
Yes,Yes,United States,No,"Independent contractor, freelancer, or self-employed","Bachelor’s degree (BA, BS, B.Eng., etc.)","A business discipline (ex. accounting, finance, marketing)",,Data or business analyst;Data scientist or machine learning specialist;Database administrator,3-5 years,50000.0,,50000.0
Yes,Yes,United States,No,"Independent contractor, freelancer, or self-employed","Other doctoral degree (Ph.D, Ed.D., etc.)",Mathematics or statistics,,Back-end developer;Data or business analyst;Data scientist or machine learning specialist;QA or test developer,21-23 years,40000.0,Yearly,40000.0
Yes,Yes,United States,No,"Independent contractor, freelancer, or self-employed","Bachelor’s degree (BA, BS, B.Eng., etc.)",Mathematics or statistics,,"Back-end developer;C-suite executive (CEO, CTO, etc.);Data or business analyst;Data scientist or machine learning specialist;Database administrator;Designer;Full-stack developer;Product manager",27-29 years,200000.0,Yearly,200000.0
No,No,United States,"Yes, full-time","Independent contractor, freelancer, or self-employed",Some college/university study without earning a degree,"Computer science, computer engineering, or software engineering",,Data scientist or machine learning specialist,9-11 years,3200.0,Monthly,38400.0
No,No,United States,"Yes, full-time","Independent contractor, freelancer, or self-employed","Secondary school (e.g. American high school, German Realschule or Gymnasium, etc.)",,,Data or business analyst;Data scientist or machine learning specialist,9-11 years,29500.0,,29500.0
Yes,No,United States,No,Employed full-time,"Master’s degree (MA, MS, M.Eng., MBA, etc.)",Mathematics or statistics,,Data scientist or machine learning specialist,6-8 years,82000.0,Yearly,82000.0
Yes,Yes,United States,"Yes, full-time","Independent contractor, freelancer, or self-employed","Master’s degree (MA, MS, M.Eng., MBA, etc.)","A natural science (ex. biology, chemistry, physics)",,Back-end developer;Data scientist or machine learning specialist;Educator or academic researcher;Embedded applications or devices developer;Full-stack developer;Student,18-20 years,36000.0,,36000.0
No,No,United States,No,"Independent contractor, freelancer, or self-employed","Master’s degree (MA, MS, M.Eng., MBA, etc.)",Mathematics or statistics,,Back-end developer;Data or business analyst;Data scientist or machine learning specialist;Front-end developer;Student,3-5 years,55000.0,Yearly,55000.0
Yes,Yes,United States,"Yes, full-time","Independent contractor, freelancer, or self-employed","Bachelor’s degree (BA, BS, B.Eng., etc.)",Mathematics or statistics,,Data scientist or machine learning specialist;Educator or academic researcher;Student,6-8 years,45000.0,Yearly,45000.0
No,Yes,United States,No,Employed full-time,"Other doctoral degree (Ph.D, Ed.D., etc.)",Mathematics or statistics,,Data scientist or machine learning specialist,6-8 years,75000.0,,75000.0
Yes,No,United States,No,Employed full-time,"Bachelor’s degree (BA, BS, B.Eng., etc.)","Computer science, computer engineering, or software engineering",,Data scientist or machine learning specialist;Designer;Full-stack developer,6-8 years,70000.0,,70000.0
Yes,No,United States,No,"Independent contractor, freelancer, or self-employed","Master’s degree (MA, MS, M.Eng., MBA, etc.)",Mathematics or statistics,,Back-end developer;Data scientist or machine learning specialist;Designer;Embedded applications or devices developer;QA or test developer,30 or more years,200000.0,,200000.0
Yes,No,United States,No,"Independent contractor, freelancer, or self-employed",,,,"Back-end developer;C-suite executive (CEO, CTO, etc.);Data or business analyst;Data scientist or machine learning specialist;Database administrator;Desktop or enterprise applications developer;Full-stack developer",9-11 years,75000.0,Yearly,75000.0
Yes,Yes,United States,"Yes, full-time",Employed part-time,Some college/university study without earning a degree,Mathematics or statistics,,Data scientist or machine learning specialist;Designer;Educator or academic researcher;Game or graphics developer;Student,9-11 years,150.0,Weekly,7500.0
No,Yes,United States,No,"Independent contractor, freelancer, or self-employed","Bachelor’s degree (BA, BS, B.Eng., etc.)","Another engineering discipline (ex. civil, electrical, mechanical)",,Data scientist or machine learning specialist,30 or more years,40000.0,,40000.0
No,No,United States,No,"Independent contractor, freelancer, or self-employed","Other doctoral degree (Ph.D, Ed.D., etc.)","A natural science (ex. biology, chemistry, physics)",,Data or business analyst;Data scientist or machine learning specialist,30 or more years,1600.0,Weekly,80000.0
Yes,No,United States,No,"Not employed, but looking for work","Master’s degree (MA, MS, M.Eng., MBA, etc.)",Mathematics or statistics,,Data scientist or machine learning specialist;Engineering manager;Full-stack developer,21-23 years,140000.0,Yearly,140000.0
Yes,Yes,United States,No,"Not employed, but looking for work",Some college/university study without earning a degree,"A social science (ex. anthropology, psychology, political science)",,Back-end developer;Data scientist or machine learning specialist;Designer;Front-end developer;Full-stack developer;Game or graphics developer;Mobile developer;Student,0-2 years,1000000.0,Yearly,1000000.0
Yes,No,United States,No,"Not employed, but looking for work","Bachelor’s degree (BA, BS, B.Eng., etc.)","A social science (ex. anthropology, psychology, political science)",,Back-end developer;Data or business analyst;Data scientist or machine learning specialist;Mobile developer;System administrator,30 or more years,109000.0,,109000.0
Yes,Yes,United States,"Yes, full-time","Not employed, but looking for work","Master’s degree (MA, MS, M.Eng., MBA, etc.)","Computer science, computer engineering, or software engineering",,Back-end developer;Data scientist or machine learning specialist;Desktop or enterprise applications developer;QA or test developer;Student,9-11 years,1800000.0,Yearly,28178.0
Yes,No,United States,"Yes, full-time","Not employed, but looking for work","Bachelor’s degree (BA, BS, B.Eng., etc.)","Another engineering discipline (ex. civil, electrical, mechanical)",,Data scientist or machine learning specialist;Educator or academic researcher;Full-stack developer;Student,3-5 years,2500.0,Monthly,30000.0
Yes,Yes,United States,No,"Not employed, but looking for work","Bachelor’s degree (BA, BS, B.Eng., etc.)",,,Back-end developer;Data or business analyst;Data scientist or machine learning specialist;Desktop or enterprise applications developer;Marketing or sales professional,6-8 years,50000.0,Yearly,50000.0
Yes,Yes,United States,No,"Not employed, but looking for work","Bachelor’s degree (BA, BS, B.Eng., etc.)","Computer science, computer engineering, or software engineering",,Back-end developer;Data scientist or machine learning specialist;Front-end developer;Full-stack developer;System administrator,6-8 years,60000.0,Yearly,60000.0
Yes,No,United States,"Yes, full-time","Not employed, but looking for work","Bachelor’s degree (BA, BS, B.Eng., etc.)","Computer science, computer engineering, or software engineering",,Data scientist or machine learning specialist,3-5 years,280.0,Weekly,14000.0
Yes,Yes,United States,"Yes, full-time","Not employed, and not looking for work","Bachelor’s degree (BA, BS, B.Eng., etc.)","A natural science (ex. biology, chemistry, physics)",,Back-end developer;Data scientist or machine learning specialist;Database administrator;Educator or academic researcher;Front-end developer;Full-stack developer;Student;System administrator,3-5 years,30000.0,,30000.0
Yes,Yes,United States,No,"Not employed, but looking for work","Master’s degree (MA, MS, M.Eng., MBA, etc.)","Computer science, computer engineering, or software engineering",,Back-end developer;Data scientist or machine learning specialist;Embedded applications or devices developer,24-26 years,100000.0,Yearly,100000.0
Yes,Yes,United States,No,"Not employed, but looking for work",Some college/university study without earning a degree,"Another engineering discipline (ex. civil, electrical, mechanical)",,Data scientist or machine learning specialist;Full-stack developer;Student,0-2 years,1500.0,Monthly,18000.0
No,Yes,United States,"Yes, full-time","Not employed, and not looking for work","Secondary school (e.g. American high school, German Realschule or Gymnasium, etc.)",,,Data scientist or machine learning specialist;Desktop or enterprise applications developer;Educator or academic researcher;Full-stack developer;Student,3-5 years,75000.0,Yearly,75000.0
Yes,Yes,United States,"Yes, full-time","Not employed, but looking for work","Master’s degree (MA, MS, M.Eng., MBA, etc.)","Computer science, computer engineering, or software engineering",,Data scientist or machine learning specialist;Full-stack developer;Student,9-11 years,700.0,Monthly,8400.0
No,Yes,United States,"Yes, full-time","Not employed, and not looking for work","Master’s degree (MA, MS, M.Eng., MBA, etc.)","Computer science, computer engineering, or software engineering",,Back-end developer;Data scientist or machine learning specialist;Front-end developer;Full-stack developer;Mobile developer;Student,12-14 years,30000.0,,30000.0
Yes,Yes,United States,"Yes, full-time","Not employed, and not looking for work","Bachelor’s degree (BA, BS, B.Eng., etc.)","A natural science (ex. biology, chemistry, physics)",,Data scientist or machine learning specialist;Student,18-20 years,38000.0,Yearly,38000.0
Yes,Yes,United States,No,,"Master’s degree (MA, MS, M.Eng., MBA, etc.)","Information systems, information technology, or system administration",,Back-end developer;Data or business analyst;Data scientist or machine learning specialist;Database administrator;System administrator,18-20 years,93000.0,Yearly,93000.0
Yes,Yes,United States,"Yes, full-time","Not employed, and not looking for work",Some college/university study without earning a degree,"Computer science, computer engineering, or software engineering",,Back-end developer;Data scientist or machine learning specialist;Desktop or enterprise applications developer;Front-end developer;Full-stack developer;Game or graphics developer;Mobile developer;Student,12-14 years,80000.0,,80000.0
Yes,Yes,United States,No,"Not employed, and not looking for work",Some college/university study without earning a degree,I never declared a major,,Back-end developer;Data scientist or machine learning specialist;Front-end developer;Full-stack developer;Mobile developer;Student,3-5 years,1050.0,Monthly,12600.0
Yes,No,United States,,"Not employed, but looking for work","Bachelor’s degree (BA, BS, B.Eng., etc.)","Computer science, computer engineering, or software engineering",,Back-end developer;Data or business analyst;Data scientist or machine learning specialist;Database administrator;Designer;Desktop or enterprise applications developer;Front-end developer;Full-stack developer;QA or test developer;Student,3-5 years,45000.0,Yearly,45000.0
Yes,No,United States,"Yes, full-time","Not employed, and not looking for work","Master’s degree (MA, MS, M.Eng., MBA, etc.)","Another engineering discipline (ex. civil, electrical, mechanical)",,Data scientist or machine learning specialist;Full-stack developer;Student,6-8 years,27000.0,Yearly,27000.0
Yes,Yes,United States,"Yes, full-time","Not employed, but looking for work",Some college/university study without earning a degree,Mathematics or statistics,,Data or business analyst;Data scientist or machine learning specialist;Educator or academic researcher;Student,3-5 years,200.0,Weekly,10000.0
Yes,Yes,United States,No,"Not employed, but looking for work",Associate degree,"A business discipline (ex. accounting, finance, marketing)",,"Back-end developer;C-suite executive (CEO, CTO, etc.);Data scientist or machine learning specialist;Database administrator;Desktop or enterprise applications developer;DevOps specialist;Educator or academic researcher;Embedded applications or devices developer;Engineering manager;Front-end developer;Full-stack developer;Game or graphics developer;Mobile developer;System administrator",18-20 years,120000.0,Yearly,120000.0
Yes,No,United States,No,"Not employed, and not looking for work","Master’s degree (MA, MS, M.Eng., MBA, etc.)","Computer science, computer engineering, or software engineering",,Back-end developer;Data or business analyst;Data scientist or machine learning specialist;Database administrator;Designer;Engineering manager;Front-end developer;Full-stack developer;Game or graphics developer;Student;System administrator,30 or more years,40000.0,Yearly,40000.0
Yes,Yes,United States,"Yes, full-time","Not employed, but looking for work","Other doctoral degree (Ph.D, Ed.D., etc.)","Computer science, computer engineering, or software engineering",,"C-suite executive (CEO, CTO, etc.);Data scientist or machine learning specialist;Desktop or enterprise applications developer;Full-stack developer;Mobile developer;Product manager;Student",15-17 years,149000.0,Yearly,149000.0
Yes,Yes,United States,"Yes, part-time","Not employed, but looking for work","Master’s degree (MA, MS, M.Eng., MBA, etc.)","Computer science, computer engineering, or software engineering",,Data or business analyst;Data scientist or machine learning specialist;Database administrator;Student,30 or more years,57000.0,Yearly,57000.0
Yes,No,United States,No,"Not employed, but looking for work","Professional degree (JD, MD, etc.)","A health science (ex. nursing, pharmacy, radiology)",,Data scientist or machine learning specialist;Full-stack developer,3-5 years,50000.0,Yearly,50000.0
